voucher_id,대변,차변,difference,is_balanced
JV2026081001,770000,770000,0,True
JV2026081002,4730000,4730000,0,True
JV2026081003,1353000,1353000,0,True
JV2026081004,561000,561000,0,True
JV2026081005,1969000,1969000,0,True
JV2026081006,4543000,4543000,0,True
JV2026081007,858000,858000,0,True
JV2026081008,264000,264000,0,True
JV2026081009,770000,770000,0,True
JV2026081010,660000,660000,0,True
JV2026081011,25267000,25267000,0,True
JV2026081012,11836000,11836000,0,True
JV2026081013,6094000,6094000,0,True
JV2026081014,3355000,3355000,0,True
JV2026081015,165000,165000,0,True
JV2026081017,14245000,14245000,0,True
JV2026081018,3454000,3454000,0,True
JV2026081019,1111000,1111000,0,True
JV2026081020,1573000,1573000,0,True
JV2026081021,1804000,1804000,0,True
JV2026081022,8217000,8217000,0,True
JV2026081023,5401000,5401000,0,True
JV2026081024,594000,594000,0,True
JV2026081025,4774000,4774000,0,True
JV2026081026,15081000,15081000,0,True
JV2026081027,583000,583000,0,True
JV2026081028,3586000,3586000,0,True
JV2026081029,1144000,1144000,0,True
JV2026081030,4202000,4202000,0,True
JV2026081031,671000,671000,0,True
JV2026081032,671000,671000,0,True
JV2026081033,3630000,3630000,0,True
JV2026081034,451000,451000,0,True
JV2026081035,1815000,1815000,0,True
JV2026081036,2563000,2563000,0,True
JV2026081037,1034000,1034000,0,True
JV2026081038,781000,781000,0,True
JV2026081039,8052000,8052000,0,True
JV2026081040,11099000,11099000,0,True
JV2026081041,770000,770000,0,True
JV2026081042,5203000,5203000,0,True
JV2026081043,2332000,2332000,0,True
JV2026081044,5335000,5335000,0,True
JV2026081045,2563000,2563000,0,True
JV2026081046,3509000,3509000,0,True
JV2026081047,5522000,5522000,0,True
JV2026081048,41547000,41547000,0,True
JV2026081049,19382000,19382000,0,True
JV2026081050,6523000,6523000,0,True
JV2026081051,220000,220000,0,True
JV2026081052,15917000,15917000,0,True
JV2026081053,1199000,1199000,0,True
JV2026081054,1265000,1265000,0,True
JV2026081055,8129000,8129000,0,True
JV2026081056,671000,671000,0,True
JV2026081057,7381000,7381000,0,True
JV2026081058,6072000,6072000,0,True
JV2026081059,17116000,17116000,0,True
JV2026081060,363000,363000,0,True
JV2026081061,891000,891000,0,True
JV2026081062,17050000,17050000,0,True
JV2026081064,2882000,2882000,0,True
JV2026081065,12760000,12760000,0,True
JV2026081066,6633000,6633000,0,True
JV2026081067,2497000,2497000,0,True
JV2026081068,5214000,5214000,0,True
JV2026081070,440000,440000,0,True
JV2026081071,880000,880000,0,True
JV2026081072,396000,396000,0,True
JV2026081073,18656000,18656000,0,True
JV2026081074,6369000,6369000,0,True
JV2026081075,759000,759000,0,True
JV2026081076,13497000,13497000,0,True
JV2026081078,17875000,17875000,0,True
JV2026081079,2486000,2486000,0,True
JV2026081080,396000,396000,0,True
JV2026081081,16489000,16489000,0,True
JV2026081082,4994000,4994000,0,True
JV2026081084,4620000,4620000,0,True
JV2026081085,6270000,6270000,0,True
JV2026081086,1650000,1650000,0,True
JV2026081087,1584000,1584000,0,True
JV2026081088,10791000,10791000,0,True
JV2026081089,10032000,10032000,0,True
JV2026081090,1397000,1397000,0,True
JV2026081091,5181000,5181000,0,True
JV2026081092,275000,275000,0,True
JV2026081093,21802000,21802000,0,True
JV2026081094,15191000,15191000,0,True
JV2026081096,22891000,22891000,0,True
JV2026081097,15851000,15851000,0,True
JV2026081098,1958000,1958000,0,True
JV2026081099,9680000,9680000,0,True
JV2026081100,2783000,2783000,0,True
JV2026081101,957000,957000,0,True
JV2026081102,6072000,6072000,0,True
JV2026081103,1144000,1144000,0,True
JV2026081104,1320000,1320000,0,True
JV2026081105,473000,473000,0,True
JV2026081106,5951000,5951000,0,True
JV2026081107,253000,253000,0,True
JV2026081108,5313000,5313000,0,True
JV2026081109,5269000,5269000,0,True
JV2026081110,7832000,7832000,0,True
JV2026081111,4719000,4719000,0,True
JV2026081113,1056000,1056000,0,True
JV2026081114,7711000,7711000,0,True
JV2026081115,737000,737000,0,True
JV2026081116,15532000,15532000,0,True
JV2026081118,2178000,2178000,0,True
JV2026081119,352000,352000,0,True
JV2026081120,20328000,20328000,0,True
JV2026081121,869000,869000,0,True
JV2026081122,11308000,11308000,0,True
JV2026081123,231000,231000,0,True
JV2026081124,8294000,8294000,0,True
JV2026081126,1298000,1298000,0,True
JV2026081127,1672000,1672000,0,True
JV2026081128,15015000,15015000,0,True
JV2026081129,16016000,16016000,0,True
JV2026081130,1364000,1364000,0,True
JV2026081131,6501000,6501000,0,True
JV2026081132,21736000,21736000,0,True
JV2026081133,8063000,8063000,0,True
JV2026081134,4818000,4818000,0,True
JV2026081135,2684000,2684000,0,True
JV2026081136,15323000,15323000,0,True
JV2026081138,1298000,1298000,0,True
JV2026081139,3509000,3509000,0,True
JV2026081140,5060000,5060000,0,True
JV2026081141,1551000,1551000,0,True
JV2026081142,19052000,19052000,0,True
JV2026081143,3927000,3927000,0,True
JV2026081145,3608000,3608000,0,True
JV2026081146,1606000,1606000,0,True
JV2026081147,1100000,1100000,0,True
JV2026081148,1221000,1221000,0,True
JV2026081149,13981000,13981000,0,True
JV2026081150,8525000,8525000,0,True
JV2026081151,517000,517000,0,True
JV2026081153,7227000,7227000,0,True
JV2026081154,3905000,3905000,0,True
JV2026081155,4521000,4521000,0,True
JV2026081156,15862000,15862000,0,True
JV2026081158,748000,748000,0,True
JV2026081159,4444000,4444000,0,True
JV2026081160,165000,165000,0,True
JV2026081161,29348000,29348000,0,True
JV2026081162,20768000,20768000,0,True
JV2026081163,15488000,15488000,0,True
JV2026081164,770000,770000,0,True
JV2026081165,6457000,6457000,0,True
JV2026081166,1518000,1518000,0,True
JV2026081167,34815000,34815000,0,True
JV2026081169,7700000,7700000,0,True
JV2026081170,3608000,3608000,0,True
JV2026081171,2222000,2222000,0,True
JV2026081172,4455000,4455000,0,True
JV2026081173,4477000,4477000,0,True
JV2026081174,1078000,1078000,0,True
JV2026081175,154000,154000,0,True
JV2026081176,18183000,18183000,0,True
JV2026081178,3674000,3674000,0,True
JV2026081179,3828000,3828000,0,True
JV2026081181,31757000,31757000,0,True
JV2026081182,880000,880000,0,True
JV2026081183,6215000,6215000,0,True
JV2026081184,6732000,6732000,0,True
JV2026081185,583000,583000,0,True
JV2026081186,1892000,1892000,0,True
JV2026081187,3718000,3718000,0,True
JV2026081188,737000,737000,0,True
JV2026081189,7964000,7964000,0,True
JV2026081190,2486000,2486000,0,True
JV2026081191,4147000,4147000,0,True
JV2026081192,363000,363000,0,True
JV2026081193,7942000,7942000,0,True
JV2026081194,17567000,17567000,0,True
JV2026081196,2035000,2035000,0,True
JV2026081198,1408000,1408000,0,True
JV2026081199,583000,583000,0,True
JV2026081200,2002000,2002000,0,True
JV2026081201,803000,803000,0,True
JV2026081202,3608000,3608000,0,True
JV2026081203,20955000,20955000,0,True
JV2026081204,5995000,5995000,0,True
JV2026081205,3762000,3762000,0,True
JV2026081206,4631000,4631000,0,True
JV2026081208,7403000,7403000,0,True
JV2026081210,5599000,5599000,0,True
JV2026081212,2618000,2618000,0,True
JV2026081213,21956000,21956000,0,True
JV2026081214,209000,209000,0,True
JV2026081215,21109000,21109000,0,True
JV2026081216,7139000,7139000,0,True
JV2026081217,781000,781000,0,True
JV2026081219,1375000,1375000,0,True
JV2026081220,759000,759000,0,True
JV2026081221,17072000,17072000,0,True
JV2026081222,2904000,2904000,0,True
JV2026081223,9603000,9603000,0,True
JV2026081224,539000,539000,0,True
JV2026081225,1584000,1584000,0,True
JV2026081226,374000,374000,0,True
JV2026081227,682000,682000,0,True
JV2026081229,9383000,9383000,0,True
JV2026081230,4268000,4268000,0,True
JV2026081231,627000,627000,0,True
JV2026081232,13750000,13750000,0,True
JV2026081233,6831000,6831000,0,True
JV2026081234,1507000,1507000,0,True
JV2026081235,5665000,5665000,0,True
JV2026081236,3960000,3960000,0,True
JV2026081237,1254000,1254000,0,True
JV2026081238,4202000,4202000,0,True
JV2026081239,517000,517000,0,True
JV2026081240,4411000,4411000,0,True
JV2026081241,3399000,3399000,0,True
JV2026081242,5005000,5005000,0,True
JV2026081243,4686000,4686000,0,True
JV2026081244,1650000,1650000,0,True
JV2026081245,660000,660000,0,True
JV2026081246,1199000,1199000,0,True
JV2026081248,10560000,10560000,0,True
JV2026081249,726000,726000,0,True
JV2026081250,3773000,3773000,0,True
JV2026081252,1210000,1210000,0,True
JV2026081254,16533000,16533000,0,True
JV2026081255,792000,792000,0,True
JV2026081256,1628000,1628000,0,True
JV2026081257,2717000,2717000,0,True
JV2026081258,638000,638000,0,True
JV2026081259,3454000,3454000,0,True
JV2026081260,418000,418000,0,True
JV2026081261,1298000,1298000,0,True
JV2026081262,3223000,3223000,0,True
JV2026081263,902000,902000,0,True
JV2026081264,8162000,8162000,0,True
JV2026081265,1056000,1056000,0,True
JV2026081266,18392000,18392000,0,True
JV2026081268,45375000,45375000,0,True
JV2026081269,187000,187000,0,True
JV2026081270,6490000,6490000,0,True
JV2026081271,8448000,8448000,0,True
JV2026081272,913000,913000,0,True
JV2026081273,7953000,7953000,0,True
JV2026081274,1991000,1991000,0,True
JV2026081275,20306000,20306000,0,True
JV2026081276,2398000,2398000,0,True
JV2026081277,3905000,3905000,0,True
JV2026081278,4994000,4994000,0,True
JV2026081279,9812000,9812000,0,True
JV2026081280,4697000,4697000,0,True
JV2026081281,6875000,6875000,0,True
JV2026081282,814000,814000,0,True
JV2026081283,6523000,6523000,0,True
JV2026081284,9999000,9999000,0,True
JV2026081285,2497000,2497000,0,True
JV2026081287,1925000,1925000,0,True
JV2026081288,1386000,1386000,0,True
JV2026081290,5423000,5423000,0,True
JV2026081291,11011000,11011000,0,True
JV2026081292,803000,803000,0,True
JV2026081293,935000,935000,0,True
JV2026081294,17809000,17809000,0,True
JV2026081295,693000,693000,0,True
JV2026081296,968000,968000,0,True
JV2026081297,1100000,1100000,0,True
JV2026081298,1012000,1012000,0,True
JV2026081299,1760000,1760000,0,True
JV2026081300,22682000,22682000,0,True
JV2026081301,2981000,2981000,0,True
JV2026081302,6314000,6314000,0,True
JV2026081303,286000,286000,0,True
JV2026081305,1100000,1100000,0,True
JV2026081306,18799000,18799000,0,True
JV2026081307,21758000,21758000,0,True
JV2026081308,28171000,28171000,0,True
JV2026081309,2035000,2035000,0,True
JV2026081310,20262000,20262000,0,True
JV2026081311,6336000,6336000,0,True
JV2026081312,1342000,1342000,0,True
JV2026081313,3157000,3157000,0,True
JV2026081314,1397000,1397000,0,True
JV2026081316,46552000,46552000,0,True
JV2026081317,19503000,19503000,0,True
JV2026081318,3850000,3850000,0,True
JV2026081319,14982000,14982000,0,True
JV2026081320,6336000,6336000,0,True
JV2026081321,5929000,5929000,0,True
JV2026081323,242000,242000,0,True
JV2026081324,957000,957000,0,True
JV2026081325,2475000,2475000,0,True
JV2026081326,5478000,5478000,0,True
JV2026081327,506000,506000,0,True
JV2026081328,12166000,12166000,0,True
JV2026081329,15235000,15235000,0,True
JV2026081331,4499000,4499000,0,True
JV2026081332,2266000,2266000,0,True
JV2026081333,6655000,6655000,0,True
JV2026081334,3883000,3883000,0,True
JV2026081335,14773000,14773000,0,True
JV2026081336,7898000,7898000,0,True
JV2026081337,3322000,3322000,0,True
JV2026081338,13112000,13112000,0,True
JV2026081339,1320000,1320000,0,True
JV2026081340,7040000,7040000,0,True
JV2026081341,5159000,5159000,0,True
JV2026081342,18898000,18898000,0,True
JV2026081343,4697000,4697000,0,True
JV2026081344,15983000,15983000,0,True
JV2026081346,7128000,7128000,0,True
JV2026081347,3729000,3729000,0,True
JV2026081348,3465000,3465000,0,True
JV2026081350,9416000,9416000,0,True
JV2026081351,13090000,13090000,0,True
JV2026081352,52998000,52998000,0,True
JV2026081354,8459000,8459000,0,True
JV2026081355,9768000,9768000,0,True
JV2026081356,352000,352000,0,True
JV2026081357,5049000,5049000,0,True
JV2026081358,4675000,4675000,0,True
JV2026081359,3553000,3553000,0,True
JV2026081360,16995000,16995000,0,True
JV2026081361,8613000,8613000,0,True
JV2026081362,5500000,5500000,0,True
JV2026081363,2409000,2409000,0,True
JV2026081364,4224000,4224000,0,True
JV2026081365,935000,935000,0,True
JV2026081366,1958000,1958000,0,True
JV2026081367,20471000,20471000,0,True
JV2026081368,2178000,2178000,0,True
JV2026081369,1518000,1518000,0,True
JV2026081370,14003000,14003000,0,True
JV2026081371,5291000,5291000,0,True
JV2026081375,6853000,6853000,0,True
JV2026081376,1749000,1749000,0,True
JV2026081377,6809000,6809000,0,True
JV2026081378,5478000,5478000,0,True
JV2026081379,4565000,4565000,0,True
JV2026081380,16236000,16236000,0,True
JV2026081381,3685000,3685000,0,True
JV2026081382,6600000,6600000,0,True
JV2026081383,1881000,1881000,0,True
JV2026081384,1419000,1419000,0,True
JV2026081385,17864000,17864000,0,True
JV2026081386,18865000,18865000,0,True
JV2026081387,990000,990000,0,True
JV2026081388,7601000,7601000,0,True
JV2026081389,1276000,1276000,0,True
JV2026081390,1056000,1056000,0,True
JV2026081391,2915000,2915000,0,True
JV2026081392,2662000,2662000,0,True
JV2026081393,4576000,4576000,0,True
JV2026081394,605000,605000,0,True
JV2026081395,3333000,3333000,0,True
JV2026081396,15477000,15477000,0,True
JV2026081397,1023000,1023000,0,True
JV2026081398,5302000,5302000,0,True
JV2026081400,3762000,3762000,0,True
JV2026081401,8624000,8624000,0,True
JV2026081402,4257000,4257000,0,True
JV2026081403,616000,616000,0,True
JV2026081404,13453000,13453000,0,True
JV2026081405,3366000,3366000,0,True
JV2026081406,2838000,2838000,0,True
JV2026081407,319000,319000,0,True
JV2026081408,1265000,1265000,0,True
JV2026081410,6534000,6534000,0,True
JV2026081411,8096000,8096000,0,True
JV2026081412,1320000,1320000,0,True
JV2026081413,627000,627000,0,True
JV2026081414,253000,253000,0,True
JV2026081415,14344000,14344000,0,True
JV2026081416,253000,253000,0,True
JV2026081417,1639000,1639000,0,True
JV2026081418,1397000,1397000,0,True
JV2026081419,6028000,6028000,0,True
JV2026081420,13398000,13398000,0,True
JV2026081421,1507000,1507000,0,True
JV2026081422,5060000,5060000,0,True
JV2026081423,110000,110000,0,True
JV2026081424,8646000,8646000,0,True
JV2026081425,50248000,50248000,0,True
JV2026081426,2013000,2013000,0,True
JV2026081427,8151000,8151000,0,True
JV2026081428,1100000,1100000,0,True
JV2026081429,1738000,1738000,0,True
JV2026081430,319000,319000,0,True
JV2026081431,4675000,4675000,0,True
JV2026081432,14982000,14982000,0,True
JV2026081433,627000,627000,0,True
JV2026081434,4477000,4477000,0,True
JV2026081435,1848000,1848000,0,True
JV2026081436,8448000,8448000,0,True
JV2026081437,473000,473000,0,True
JV2026081438,38214000,38214000,0,True
JV2026081439,46376000,46376000,0,True
JV2026081440,9757000,9757000,0,True
JV2026081442,4433000,4433000,0,True
JV2026081445,9724000,9724000,0,True
JV2026081446,4653000,4653000,0,True
JV2026081447,29337000,29337000,0,True
JV2026081448,51315000,51315000,0,True
JV2026081449,18194000,18194000,0,True
JV2026081450,1034000,1034000,0,True
JV2026081451,330000,330000,0,True
JV2026081452,484000,484000,0,True
JV2026081453,7931000,7931000,0,True
JV2026081454,1122000,1122000,0,True
JV2026081455,1496000,1496000,0,True
JV2026081456,6633000,6633000,0,True
JV2026081457,4862000,4862000,0,True
JV2026081458,7986000,7986000,0,True
JV2026081459,4785000,4785000,0,True
JV2026081460,4301000,4301000,0,True
JV2026081462,671000,671000,0,True
JV2026081464,231000,231000,0,True
JV2026081465,4939000,4939000,0,True
JV2026081466,2838000,2838000,0,True
JV2026081467,2618000,2618000,0,True
JV2026081468,5324000,5324000,0,True
JV2026081469,242000,242000,0,True
JV2026081471,5247000,5247000,0,True
JV2026081473,6930000,6930000,0,True
JV2026081474,4895000,4895000,0,True
JV2026081475,5951000,5951000,0,True
JV2026081477,616000,616000,0,True
JV2026081478,2607000,2607000,0,True
JV2026081479,3883000,3883000,0,True
JV2026081480,7656000,7656000,0,True
JV2026081481,40524000,40524000,0,True
JV2026081482,3080000,3080000,0,True
JV2026081483,561000,561000,0,True
JV2026081484,11473000,11473000,0,True
JV2026081485,2585000,2585000,0,True
JV2026081486,242000,242000,0,True
JV2026081487,264000,264000,0,True
JV2026081488,3619000,3619000,0,True
JV2026081490,1639000,1639000,0,True
JV2026081491,7183000,7183000,0,True
JV2026081492,737000,737000,0,True
JV2026081493,17886000,17886000,0,True
JV2026081494,8459000,8459000,0,True
JV2026081495,242000,242000,0,True
JV2026081496,10186000,10186000,0,True
JV2026081497,4235000,4235000,0,True
JV2026081498,561000,561000,0,True
JV2026081499,6688000,6688000,0,True
JV2026081500,7447000,7447000,0,True
