voucher_id,transaction_date,transaction_type,department_code,partner_code,evidence_type,evidence_no,description,debit_account_1,debit_amount_1,debit_account_2,debit_amount_2,credit_account_1,credit_amount_1,credit_account_2,credit_amount_2,supply_amount,vat_amount,total_amount,remarks,error_count,error_types,processing_status
JV2026081001,2026-08-08,산업용 소모품 구매,D005,V003,법인카드,CARD-202608-0001,제품 포장재 구매,5130,700000,1180.0,70000,2140,770000,,0,700000,70000,770000,포트폴리오용 합성 거래,0,없음,입력 가능
JV2026081002,2026-08-23,공장 전기요금,D004,V006,전자세금계산서,TAX-202608-0002,공장 설비 전력 사용료,5150,4300000,1180.0,430000,2120,4730000,,0,4300000,430000,4730000,포트폴리오용 합성 거래,0,없음,입력 가능
JV2026081003,2026-08-04,운송비,D007,V005,전자세금계산서,TAX-202608-0003,제품 납품 운송비,5140,1230000,1180.0,123000,2120,1353000,,0,1230000,123000,1353000,포트폴리오용 합성 거래,0,없음,입력 가능
JV2026081004,2026-08-21,경영서비스 수수료,D001,V008,전자세금계산서,TAX-202608-0004,경영관리 서비스 비용,5160,510000,1180.0,51000,2120,561000,,0,510000,51000,561000,포트폴리오용 합성 거래,0,없음,입력 가능
JV2026081005,2026-08-06,경영서비스 수수료,D001,V008,전자세금계산서,TAX-202608-0005,경영관리 서비스 비용,5160,1790000,1180.0,179000,2120,1969000,,0,1790000,179000,1969000,포트폴리오용 합성 거래,0,없음,입력 가능
JV2026081006,2026-08-12,원재료 매입,D002,V001,전자세금계산서,TAX-202608-0006,고무 원재료 외상 매입,1210,4130000,1180.0,413000,2110,4543000,,0,4130000,413000,4543000,포트폴리오용 합성 거래,0,없음,입력 가능
JV2026081007,2026-08-17,운송비,D007,V005,전자세금계산서,TAX-202608-0007,제품 납품 운송비,5140,780000,1180.0,78000,2120,858000,,0,780000,78000,858000,포트폴리오용 합성 거래,0,없음,입력 가능
JV2026081008,2026-08-16,산업용 소모품 구매,D007,V004,법인카드,TAX-202608-0008,현장 안전용품 구매,5130,240000,1180.0,24000,2110,264000,,0,240000,24000,264000,포트폴리오용 합성 거래,0,없음,입력 가능
JV2026081009,2026-08-30,운송비,D007,V005,전자세금계산서,TAX-202608-0009,긴급 납품 운송비,5140,700000,1180.0,70000,2120,770000,,0,700000,70000,770000,포트폴리오용 합성 거래,0,없음,입력 가능
JV2026081010,2026-08-03,산업용 소모품 구매,D007,V004,법인카드,TAX-202608-0010,생산 작업용 장갑 구매,5130,600000,1180.0,60000,2110,660000,,0,600000,60000,660000,포트폴리오용 합성 거래,0,없음,입력 가능
JV2026081011,2026-08-07,생산설비 구매,D002,V007,전자세금계산서,TAX-202608-0011,생산설비 구매,1510,22970000,1180.0,2297000,2120,25267000,,0,22970000,2297000,25267000,포트폴리오용 합성 거래,0,없음,입력 가능
JV2026081012,2026-08-18,제품 판매,D006,C004,전자세금계산서,TAX-202608-0012,자동차용 씰링부품 외상 판매,1130,11836000,,0,4110,10760000,2180.0,1076000,10760000,1076000,11836000,포트폴리오용 합성 거래,0,없음,입력 가능
JV2026081013,2026-08-28,원재료 매입,D002,V002,전자세금계산서,TAX-202608-0013,자동차부품용 소재 매입,1210,5540000,1180.0,554000,2110,6094000,,0,5540000,554000,6094000,포트폴리오용 합성 거래,0,없음,입력 가능
JV2026081014,2026-08-03,공장 전기요금,D004,V006,전자세금계산서,TAX-202608-0014,공장 설비 전력 사용료,5150,3050000,1180.0,305000,2120,3355000,,0,3050000,305000,3355000,포트폴리오용 합성 거래,0,없음,입력 가능
JV2026081015,2026-08-02,산업용 소모품 구매,D007,V004,법인카드,TAX-202608-0015,현장 안전용품 구매,5130,150000,1180.0,15000,2110,165000,,0,150000,15000,165000,포트폴리오용 합성 거래,0,없음,입력 가능
JV2026081016,2026-08-29,원재료 매입,D002,V002,전자세금계산서,TAX-202608-0016,합성고무 원재료 구매,1210,5020000,1180.0,501000,2110,5511000,,0,5010000,501000,5511000,포트폴리오용 합성 거래,1,차변·대변 불일치,검토 필요
JV2026081017,2026-08-30,제품 판매,D006,C002,전자세금계산서,TAX-202608-0017,자동차용 씰링부품 외상 판매,1130,14245000,,0,4110,12950000,2180.0,1295000,12950000,1295000,14245000,포트폴리오용 합성 거래,0,없음,입력 가능
JV2026081018,2026-08-08,공장 전기요금,D004,V006,전자세금계산서,TAX-202608-0018,공장 설비 전력 사용료,5150,3140000,1180.0,314000,2120,3454000,,0,3140000,314000,3454000,포트폴리오용 합성 거래,0,없음,입력 가능
JV2026081019,2026-08-08,운송비,D007,V005,전자세금계산서,TAX-202608-0019,원재료 입고 운송비,5140,1010000,1180.0,101000,2120,1111000,,0,1010000,101000,1111000,포트폴리오용 합성 거래,0,없음,입력 가능
JV2026081020,2026-08-25,운송비,D007,V005,전자세금계산서,TAX-202608-0020,원재료 입고 운송비,5140,1430000,1180.0,143000,2120,1573000,,0,1430000,143000,1573000,포트폴리오용 합성 거래,0,없음,입력 가능
JV2026081021,2026-08-13,원재료 매입,D002,V001,전자세금계산서,TAX-202608-0021,자동차부품용 소재 매입,1210,1640000,1180.0,164000,2110,1804000,,0,1640000,164000,1804000,포트폴리오용 합성 거래,0,없음,입력 가능
JV2026081022,2026-08-12,원재료 매입,D002,V001,전자세금계산서,TAX-202608-0022,고무 원재료 외상 매입,1210,7470000,1180.0,747000,2110,8217000,,0,7470000,747000,8217000,포트폴리오용 합성 거래,0,없음,입력 가능
JV2026081023,2026-08-17,원재료 매입,D002,V001,전자세금계산서,TAX-202608-0023,자동차부품용 소재 매입,1210,4910000,1180.0,491000,2110,5401000,,0,4910000,491000,5401000,포트폴리오용 합성 거래,0,없음,입력 가능
JV2026081024,2026-08-27,경영서비스 수수료,D001,V008,전자세금계산서,TAX-202608-0024,회계 자문 수수료,5160,540000,1180.0,54000,2120,594000,,0,540000,54000,594000,포트폴리오용 합성 거래,0,없음,입력 가능
JV2026081025,2026-08-28,제품 판매,D006,C002,전자세금계산서,TAX-202608-0025,자동차용 고무부품 외상 판매,1130,4774000,,0,4110,4340000,2180.0,434000,4340000,434000,4774000,포트폴리오용 합성 거래,0,없음,입력 가능
JV2026081026,2026-08-01,제품 판매,D006,C004,전자세금계산서,TAX-202608-0026,자동차용 씰링부품 외상 판매,1130,15081000,,0,4110,13710000,2180.0,1371000,13710000,1371000,15081000,포트폴리오용 합성 거래,0,없음,입력 가능
JV2026081027,2026-08-03,산업용 소모품 구매,D007,V004,법인카드,TAX-202608-0027,생산 작업용 장갑 구매,5130,530000,1180.0,53000,2110,583000,,0,530000,53000,583000,포트폴리오용 합성 거래,0,없음,입력 가능
JV2026081028,2026-08-01,공장 전기요금,D003,V006,전자세금계산서,TAX-202608-0028,공장 설비 전력 사용료,5150,3260000,1180.0,326000,2120,3586000,,0,3260000,326000,3586000,포트폴리오용 합성 거래,0,없음,입력 가능
JV2026081029,2026-08-01,원재료 매입,D002,V002,전자세금계산서,TAX-202608-0029,자동차부품용 소재 매입,1210,1040000,1180.0,104000,2110,1144000,,0,1040000,104000,1144000,포트폴리오용 합성 거래,0,없음,입력 가능
JV2026081030,2026-08-07,공장 전기요금,D003,V006,전자세금계산서,TAX-202608-0030,생산2공장 전기요금,5150,3820000,1180.0,382000,2120,4202000,,0,3820000,382000,4202000,포트폴리오용 합성 거래,0,없음,입력 가능
JV2026081031,2026-08-26,운송비,D007,V005,전자세금계산서,TAX-202608-0031,긴급 납품 운송비,5140,610000,1180.0,61000,2120,671000,,0,610000,61000,671000,포트폴리오용 합성 거래,0,없음,입력 가능
JV2026081032,2026-08-07,산업용 소모품 구매,D005,V003,법인카드,CARD-202608-0032,현장 안전용품 구매,5130,610000,1180.0,61000,2140,671000,,0,610000,61000,671000,포트폴리오용 합성 거래,0,없음,입력 가능
JV2026081033,2026-08-05,공장 전기요금,D004,V006,전자세금계산서,TAX-202608-0033,생산2공장 전기요금,5150,3300000,1180.0,330000,2120,3630000,,0,3300000,330000,3630000,포트폴리오용 합성 거래,0,없음,입력 가능
JV2026081034,2026-08-13,산업용 소모품 구매,D003,V003,법인카드,CARD-202608-0034,현장 안전용품 구매,5130,410000,1180.0,41000,2140,451000,,0,410000,41000,451000,포트폴리오용 합성 거래,0,없음,입력 가능
JV2026081035,2026-08-28,공장 전기요금,D003,V006,전자세금계산서,TAX-202608-0035,생산2공장 전기요금,5150,1650000,1180.0,165000,2120,1815000,,0,1650000,165000,1815000,포트폴리오용 합성 거래,0,없음,입력 가능
JV2026081036,2026-08-21,공장 전기요금,D004,V006,전자세금계산서,TAX-202608-0036,생산1공장 전기요금,5150,2330000,1180.0,233000,2120,2563000,,0,2330000,233000,2563000,포트폴리오용 합성 거래,0,없음,입력 가능
JV2026081037,2026-08-30,운송비,D007,V005,전자세금계산서,TAX-202608-0037,원재료 입고 운송비,5140,940000,1180.0,94000,2120,1034000,,0,940000,94000,1034000,포트폴리오용 합성 거래,0,없음,입력 가능
JV2026081038,2026-08-07,산업용 소모품 구매,D007,V003,법인카드,CARD-202608-0038,생산 작업용 장갑 구매,5130,710000,1180.0,71000,2140,781000,,0,710000,71000,781000,포트폴리오용 합성 거래,0,없음,입력 가능
JV2026081039,2026-08-30,원재료 매입,D002,V001,전자세금계산서,TAX-202608-0039,자동차부품용 소재 매입,1210,7320000,1180.0,732000,2110,8052000,,0,7320000,732000,8052000,포트폴리오용 합성 거래,0,없음,입력 가능
JV2026081040,2026-08-07,제품 판매,D006,C001,전자세금계산서,TAX-202608-0040,방진부품 외상 판매,1130,11099000,,0,4110,10090000,2180.0,1009000,10090000,1009000,11099000,포트폴리오용 합성 거래,0,없음,입력 가능
JV2026081041,2026-08-30,운송비,D007,V005,전자세금계산서,TAX-202608-0041,제품 납품 운송비,5140,700000,1180.0,70000,2120,770000,,0,700000,70000,770000,포트폴리오용 합성 거래,0,없음,입력 가능
JV2026081042,2026-08-27,원재료 매입,D002,V002,전자세금계산서,TAX-202608-0042,자동차부품용 소재 매입,1210,4730000,1180.0,473000,2110,5203000,,0,4730000,473000,5203000,포트폴리오용 합성 거래,0,없음,입력 가능
JV2026081043,2026-08-20,원재료 매입,D002,V002,전자세금계산서,TAX-202608-0043,고무 원재료 외상 매입,1210,2120000,1180.0,212000,2110,2332000,,0,2120000,212000,2332000,포트폴리오용 합성 거래,0,없음,입력 가능
JV2026081044,2026-08-07,원재료 매입,D002,V002,전자세금계산서,TAX-202608-0044,합성고무 원재료 구매,1210,4850000,1180.0,485000,2110,5335000,,0,4850000,485000,5335000,포트폴리오용 합성 거래,0,없음,입력 가능
JV2026081045,2026-08-17,경영서비스 수수료,D001,V008,전자세금계산서,TAX-202608-0045,회계 자문 수수료,5160,2330000,1180.0,233000,2120,2563000,,0,2330000,233000,2563000,포트폴리오용 합성 거래,0,없음,입력 가능
JV2026081046,2026-08-02,원재료 매입,D002,V001,전자세금계산서,TAX-202608-0046,합성고무 원재료 구매,1210,3190000,1180.0,319000,2110,3509000,,0,3190000,319000,3509000,포트폴리오용 합성 거래,0,없음,입력 가능
JV2026081047,2026-08-01,원재료 매입,D002,V001,전자세금계산서,TAX-202608-0047,고무 원재료 외상 매입,1210,5020000,1180.0,502000,2110,5522000,,0,5020000,502000,5522000,포트폴리오용 합성 거래,0,없음,입력 가능
JV2026081048,2026-08-12,생산설비 구매,D002,V007,전자세금계산서,TAX-202608-0048,생산설비 구매,1510,37770000,1180.0,3777000,2120,41547000,,0,37770000,3777000,41547000,포트폴리오용 합성 거래,0,없음,입력 가능
JV2026081049,2026-08-04,제품 판매,D006,C004,전자세금계산서,TAX-202608-0049,방진부품 외상 판매,1130,19382000,,0,4110,17620000,2180.0,1762000,17620000,1762000,19382000,포트폴리오용 합성 거래,0,없음,입력 가능
JV2026081050,2026-08-31,제품 판매,D006,C003,전자세금계산서,TAX-202608-0050,자동차용 고무부품 외상 판매,1130,6523000,,0,4110,5930000,2180.0,593000,5930000,593000,6523000,포트폴리오용 합성 거래,0,없음,입력 가능
JV2026081051,2026-08-22,산업용 소모품 구매,D004,V004,법인카드,TAX-202608-0051,검사용 소모품 구매,5130,200000,1180.0,20000,2110,220000,,0,200000,20000,220000,포트폴리오용 합성 거래,0,없음,입력 가능
JV2026081052,2026-08-09,제품 판매,D006,C004,전자세금계산서,TAX-202608-0052,자동차용 고무부품 외상 판매,1130,15917000,,0,4110,14470000,2180.0,1447000,14470000,1447000,15917000,포트폴리오용 합성 거래,0,없음,입력 가능
JV2026081053,2026-08-03,운송비,D007,V005,전자세금계산서,TAX-202608-0053,제품 납품 운송비,5140,1090000,1180.0,109000,2120,1199000,,0,1090000,109000,1199000,포트폴리오용 합성 거래,0,없음,입력 가능
JV2026081054,2026-08-20,운송비,D007,V005,전자세금계산서,TAX-202608-0054,긴급 납품 운송비,5140,1150000,1180.0,115000,2120,1265000,,0,1150000,115000,1265000,포트폴리오용 합성 거래,0,없음,입력 가능
JV2026081055,2026-08-08,원재료 매입,D002,V001,전자세금계산서,TAX-202608-0055,고무 원재료 외상 매입,1210,7390000,1180.0,739000,2110,8129000,,0,7390000,739000,8129000,포트폴리오용 합성 거래,0,없음,입력 가능
JV2026081056,2026-08-11,운송비,D007,V005,전자세금계산서,TAX-202608-0056,제품 납품 운송비,5140,610000,1180.0,61000,2120,671000,,0,610000,61000,671000,포트폴리오용 합성 거래,0,없음,입력 가능
JV2026081057,2026-08-16,원재료 매입,D002,V002,전자세금계산서,TAX-202608-0057,합성고무 원재료 구매,1210,6710000,1180.0,671000,2110,7381000,,0,6710000,671000,7381000,포트폴리오용 합성 거래,0,없음,입력 가능
JV2026081058,2026-08-12,원재료 매입,D002,V001,전자세금계산서,TAX-202608-0058,합성고무 원재료 구매,1210,5520000,1180.0,552000,2110,6072000,,0,5520000,552000,6072000,포트폴리오용 합성 거래,0,없음,입력 가능
JV2026081059,2026-08-09,제품 판매,D006,C003,전자세금계산서,TAX-202608-0059,방진부품 외상 판매,1130,17116000,,0,4110,15560000,2180.0,1556000,15560000,1556000,17116000,포트폴리오용 합성 거래,0,없음,입력 가능
JV2026081060,2026-08-20,산업용 소모품 구매,D007,V004,법인카드,TAX-202608-0060,제품 포장재 구매,5130,330000,1180.0,33000,2110,363000,,0,330000,33000,363000,포트폴리오용 합성 거래,0,없음,입력 가능
JV2026081061,2026-08-11,산업용 소모품 구매,D007,V003,법인카드,CARD-202608-0061,현장 안전용품 구매,5130,810000,1180.0,81000,2140,891000,,0,810000,81000,891000,포트폴리오용 합성 거래,0,없음,입력 가능
JV2026081062,2026-08-30,제품 판매,D006,C004,전자세금계산서,TAX-202608-0062,고무호스 제품 외상 판매,1130,17050000,,0,4110,15500000,2180.0,1550000,15500000,1550000,17050000,포트폴리오용 합성 거래,0,없음,입력 가능
JV2026081063,2026-08-29,산업용 소모품 구매,D005,V003,법인카드,,생산 작업용 장갑 구매,5130,270000,1180.0,27000,2140,297000,,0,270000,27000,297000,포트폴리오용 합성 거래,1,필수값 누락,검토 필요
JV2026081064,2026-08-22,원재료 매입,D002,V002,전자세금계산서,TAX-202608-0064,합성고무 원재료 구매,1210,2620000,1180.0,262000,2110,2882000,,0,2620000,262000,2882000,포트폴리오용 합성 거래,0,없음,입력 가능
JV2026081065,2026-08-04,생산설비 구매,D002,V007,전자세금계산서,TAX-202608-0065,생산설비 구매,1510,11600000,1180.0,1160000,2120,12760000,,0,11600000,1160000,12760000,포트폴리오용 합성 거래,0,없음,입력 가능
JV2026081066,2026-08-16,원재료 매입,D002,V002,전자세금계산서,TAX-202608-0066,고무 원재료 외상 매입,1210,6030000,1180.0,603000,2110,6633000,,0,6030000,603000,6633000,포트폴리오용 합성 거래,0,없음,입력 가능
JV2026081067,2026-08-17,공장 전기요금,D003,V006,전자세금계산서,TAX-202608-0067,공장 설비 전력 사용료,5150,2270000,1180.0,227000,2120,2497000,,0,2270000,227000,2497000,포트폴리오용 합성 거래,0,없음,입력 가능
JV2026081068,2026-08-19,공장 전기요금,D004,V006,전자세금계산서,TAX-202608-0068,공장 설비 전력 사용료,5150,4740000,1180.0,474000,2120,5214000,,0,4740000,474000,5214000,포트폴리오용 합성 거래,0,없음,입력 가능
JV2026081069,2026-08-06,원재료 매입,D002,V002,전자세금계산서,CARD-202608-0001,합성고무 원재료 구매,1210,4640000,1180.0,464000,2110,5104000,,0,4640000,464000,5104000,포트폴리오용 합성 거래,1,증빙번호 중복,검토 필요
JV2026081070,2026-08-27,운송비,D007,V005,전자세금계산서,TAX-202608-0070,긴급 납품 운송비,5140,400000,1180.0,40000,2120,440000,,0,400000,40000,440000,포트폴리오용 합성 거래,0,없음,입력 가능
JV2026081071,2026-08-01,운송비,D007,V005,전자세금계산서,TAX-202608-0071,긴급 납품 운송비,5140,800000,1180.0,80000,2120,880000,,0,800000,80000,880000,포트폴리오용 합성 거래,0,없음,입력 가능
JV2026081072,2026-08-17,운송비,D007,V005,전자세금계산서,TAX-202608-0072,긴급 납품 운송비,5140,360000,1180.0,36000,2120,396000,,0,360000,36000,396000,포트폴리오용 합성 거래,0,없음,입력 가능
JV2026081073,2026-08-14,제품 판매,D006,C002,전자세금계산서,TAX-202608-0073,자동차용 고무부품 외상 판매,1130,18656000,,0,4110,16960000,2180.0,1696000,16960000,1696000,18656000,포트폴리오용 합성 거래,0,없음,입력 가능
JV2026081074,2026-08-05,제품 판매,D006,C004,전자세금계산서,TAX-202608-0074,자동차용 고무부품 외상 판매,1130,6369000,,0,4110,5790000,2180.0,579000,5790000,579000,6369000,포트폴리오용 합성 거래,0,없음,입력 가능
JV2026081075,2026-08-03,산업용 소모품 구매,D003,V004,법인카드,TAX-202608-0075,제품 포장재 구매,5130,690000,1180.0,69000,2110,759000,,0,690000,69000,759000,포트폴리오용 합성 거래,0,없음,입력 가능
JV2026081076,2026-08-21,제품 판매,D006,C003,전자세금계산서,TAX-202608-0076,자동차용 고무부품 외상 판매,1130,13497000,,0,4110,12270000,2180.0,1227000,12270000,1227000,13497000,포트폴리오용 합성 거래,0,없음,입력 가능
JV2026081077,2026-08-18,제품 판매,D006,V999,전자세금계산서,TAX-202608-0077,방진부품 외상 판매,1130,9515000,,0,4110,8650000,2180.0,865000,8650000,865000,9515000,포트폴리오용 합성 거래,1,존재하지 않는 거래처,검토 필요
JV2026081078,2026-08-24,생산설비 구매,D002,V007,전자세금계산서,TAX-202608-0078,품질검사 설비 구매,1510,16250000,1180.0,1625000,2120,17875000,,0,16250000,1625000,17875000,포트폴리오용 합성 거래,0,없음,입력 가능
JV2026081079,2026-08-02,공장 전기요금,D004,V006,전자세금계산서,TAX-202608-0079,공장 설비 전력 사용료,5150,2260000,1180.0,226000,2120,2486000,,0,2260000,226000,2486000,포트폴리오용 합성 거래,0,없음,입력 가능
JV2026081080,2026-08-26,운송비,D007,V005,전자세금계산서,TAX-202608-0080,원재료 입고 운송비,5140,360000,1180.0,36000,2120,396000,,0,360000,36000,396000,포트폴리오용 합성 거래,0,없음,입력 가능
JV2026081081,2026-08-22,제품 판매,D006,C001,전자세금계산서,TAX-202608-0081,방진부품 외상 판매,1130,16489000,,0,4110,14990000,2180.0,1499000,14990000,1499000,16489000,포트폴리오용 합성 거래,0,없음,입력 가능
JV2026081082,2026-08-26,공장 전기요금,D004,V006,전자세금계산서,TAX-202608-0082,공장 설비 전력 사용료,5150,4540000,1180.0,454000,2120,4994000,,0,4540000,454000,4994000,포트폴리오용 합성 거래,0,없음,입력 가능
JV2026081083,2026-08-28,원재료 매입,D002,V002,전자세금계산서,TAX-202608-0083,고무 원재료 외상 매입,1210,6060000,1180.0,605000,2110,6655000,,0,6050000,605000,6655000,포트폴리오용 합성 거래,1,차변·대변 불일치,검토 필요
JV2026081084,2026-08-20,원재료 매입,D002,V002,전자세금계산서,TAX-202608-0084,고무 원재료 외상 매입,1210,4200000,1180.0,420000,2110,4620000,,0,4200000,420000,4620000,포트폴리오용 합성 거래,0,없음,입력 가능
JV2026081085,2026-08-12,원재료 매입,D002,V002,전자세금계산서,TAX-202608-0085,합성고무 원재료 구매,1210,5700000,1180.0,570000,2110,6270000,,0,5700000,570000,6270000,포트폴리오용 합성 거래,0,없음,입력 가능
JV2026081086,2026-08-23,원재료 매입,D002,V002,전자세금계산서,TAX-202608-0086,합성고무 원재료 구매,1210,1500000,1180.0,150000,2110,1650000,,0,1500000,150000,1650000,포트폴리오용 합성 거래,0,없음,입력 가능
JV2026081087,2026-08-30,운송비,D007,V005,전자세금계산서,TAX-202608-0087,긴급 납품 운송비,5140,1440000,1180.0,144000,2120,1584000,,0,1440000,144000,1584000,포트폴리오용 합성 거래,0,없음,입력 가능
JV2026081088,2026-08-17,제품 판매,D006,C002,전자세금계산서,TAX-202608-0088,자동차용 씰링부품 외상 판매,1130,10791000,,0,4110,9810000,2180.0,981000,9810000,981000,10791000,포트폴리오용 합성 거래,0,없음,입력 가능
JV2026081089,2026-08-28,제품 판매,D006,C002,전자세금계산서,TAX-202608-0089,방진부품 외상 판매,1130,10032000,,0,4110,9120000,2180.0,912000,9120000,912000,10032000,포트폴리오용 합성 거래,0,없음,입력 가능
JV2026081090,2026-08-28,운송비,D007,V005,전자세금계산서,TAX-202608-0090,제품 납품 운송비,5140,1270000,1180.0,127000,2120,1397000,,0,1270000,127000,1397000,포트폴리오용 합성 거래,0,없음,입력 가능
JV2026081091,2026-08-13,공장 전기요금,D004,V006,전자세금계산서,TAX-202608-0091,생산2공장 전기요금,5150,4710000,1180.0,471000,2120,5181000,,0,4710000,471000,5181000,포트폴리오용 합성 거래,0,없음,입력 가능
JV2026081092,2026-08-20,산업용 소모품 구매,D005,V003,법인카드,CARD-202608-0092,현장 안전용품 구매,5130,250000,1180.0,25000,2140,275000,,0,250000,25000,275000,포트폴리오용 합성 거래,0,없음,입력 가능
JV2026081093,2026-08-30,제품 판매,D006,C004,전자세금계산서,TAX-202608-0093,자동차용 씰링부품 외상 판매,1130,21802000,,0,4110,19820000,2180.0,1982000,19820000,1982000,21802000,포트폴리오용 합성 거래,0,없음,입력 가능
JV2026081094,2026-08-28,제품 판매,D006,C003,전자세금계산서,TAX-202608-0094,방진부품 외상 판매,1130,15191000,,0,4110,13810000,2180.0,1381000,13810000,1381000,15191000,포트폴리오용 합성 거래,0,없음,입력 가능
JV2026081095,2026-09-05,원재료 매입,D002,V001,전자세금계산서,TAX-202608-0095,합성고무 원재료 구매,1210,2260000,1180.0,226000,2110,2486000,,0,2260000,226000,2486000,포트폴리오용 합성 거래,1,회계기간 이탈,검토 필요
JV2026081096,2026-08-01,생산설비 구매,D002,V007,전자세금계산서,TAX-202608-0096,생산설비 구매,1510,20810000,1180.0,2081000,2120,22891000,,0,20810000,2081000,22891000,포트폴리오용 합성 거래,0,없음,입력 가능
JV2026081097,2026-08-30,제품 판매,D006,C003,전자세금계산서,TAX-202608-0097,자동차용 씰링부품 외상 판매,1130,15851000,,0,4110,14410000,2180.0,1441000,14410000,1441000,15851000,포트폴리오용 합성 거래,0,없음,입력 가능
JV2026081098,2026-08-21,경영서비스 수수료,D001,V008,전자세금계산서,TAX-202608-0098,회계 자문 수수료,5160,1780000,1180.0,178000,2120,1958000,,0,1780000,178000,1958000,포트폴리오용 합성 거래,0,없음,입력 가능
JV2026081099,2026-08-31,제품 판매,D006,C003,전자세금계산서,TAX-202608-0099,고무호스 제품 외상 판매,1130,9680000,,0,4110,8800000,2180.0,880000,8800000,880000,9680000,포트폴리오용 합성 거래,0,없음,입력 가능
JV2026081100,2026-08-12,공장 전기요금,D003,V006,전자세금계산서,TAX-202608-0100,공장 설비 전력 사용료,5150,2530000,1180.0,253000,2120,2783000,,0,2530000,253000,2783000,포트폴리오용 합성 거래,0,없음,입력 가능
JV2026081101,2026-08-29,산업용 소모품 구매,D004,V003,법인카드,CARD-202608-0101,생산 작업용 장갑 구매,5130,870000,1180.0,87000,2140,957000,,0,870000,87000,957000,포트폴리오용 합성 거래,0,없음,입력 가능
JV2026081102,2026-08-30,원재료 매입,D002,V001,전자세금계산서,TAX-202608-0102,고무 원재료 외상 매입,1210,5520000,1180.0,552000,2110,6072000,,0,5520000,552000,6072000,포트폴리오용 합성 거래,0,없음,입력 가능
JV2026081103,2026-08-26,운송비,D007,V005,전자세금계산서,TAX-202608-0103,원재료 입고 운송비,5140,1040000,1180.0,104000,2120,1144000,,0,1040000,104000,1144000,포트폴리오용 합성 거래,0,없음,입력 가능
JV2026081104,2026-08-30,운송비,D007,V005,전자세금계산서,TAX-202608-0104,제품 납품 운송비,5140,1200000,1180.0,120000,2120,1320000,,0,1200000,120000,1320000,포트폴리오용 합성 거래,0,없음,입력 가능
JV2026081105,2026-08-04,산업용 소모품 구매,D004,V004,법인카드,TAX-202608-0105,생산 작업용 장갑 구매,5130,430000,1180.0,43000,2110,473000,,0,430000,43000,473000,포트폴리오용 합성 거래,0,없음,입력 가능
JV2026081106,2026-08-19,원재료 매입,D002,V002,전자세금계산서,TAX-202608-0106,합성고무 원재료 구매,1210,5410000,1180.0,541000,2110,5951000,,0,5410000,541000,5951000,포트폴리오용 합성 거래,0,없음,입력 가능
JV2026081107,2026-08-13,운송비,D007,V005,전자세금계산서,TAX-202608-0107,제품 납품 운송비,5140,230000,1180.0,23000,2120,253000,,0,230000,23000,253000,포트폴리오용 합성 거래,0,없음,입력 가능
JV2026081108,2026-08-02,공장 전기요금,D004,V006,전자세금계산서,TAX-202608-0108,공장 설비 전력 사용료,5150,4830000,1180.0,483000,2120,5313000,,0,4830000,483000,5313000,포트폴리오용 합성 거래,0,없음,입력 가능
JV2026081109,2026-08-03,공장 전기요금,D004,V006,전자세금계산서,TAX-202608-0109,생산2공장 전기요금,5150,4790000,1180.0,479000,2120,5269000,,0,4790000,479000,5269000,포트폴리오용 합성 거래,0,없음,입력 가능
JV2026081110,2026-08-11,원재료 매입,D002,V001,전자세금계산서,TAX-202608-0110,자동차부품용 소재 매입,1210,7120000,1180.0,712000,2110,7832000,,0,7120000,712000,7832000,포트폴리오용 합성 거래,0,없음,입력 가능
JV2026081111,2026-08-08,공장 전기요금,D003,V006,전자세금계산서,TAX-202608-0111,생산1공장 전기요금,5150,4290000,1180.0,429000,2120,4719000,,0,4290000,429000,4719000,포트폴리오용 합성 거래,0,없음,입력 가능
JV2026081112,2026-08-12,원재료 매입,D002,V001,전자세금계산서,TAX-202608-0112,고무 원재료 외상 매입,1210,7060000,1180.0,706000,2110,7766000,,0,7060000,706000,7756000,포트폴리오용 합성 거래,1,전표 합계 불일치,검토 필요
JV2026081113,2026-08-03,산업용 소모품 구매,D005,V003,법인카드,CARD-202608-0113,검사용 소모품 구매,5130,960000,1180.0,96000,2140,1056000,,0,960000,96000,1056000,포트폴리오용 합성 거래,0,없음,입력 가능
JV2026081114,2026-08-26,원재료 매입,D002,V002,전자세금계산서,TAX-202608-0114,고무 원재료 외상 매입,1210,7010000,1180.0,701000,2110,7711000,,0,7010000,701000,7711000,포트폴리오용 합성 거래,0,없음,입력 가능
JV2026081115,2026-08-04,산업용 소모품 구매,D003,V003,법인카드,CARD-202608-0115,제품 포장재 구매,5130,670000,1180.0,67000,2140,737000,,0,670000,67000,737000,포트폴리오용 합성 거래,0,없음,입력 가능
JV2026081116,2026-08-11,생산설비 구매,D002,V007,전자세금계산서,TAX-202608-0116,생산설비 구매,1510,14120000,1180.0,1412000,2120,15532000,,0,14120000,1412000,15532000,포트폴리오용 합성 거래,0,없음,입력 가능
JV2026081117,2026-08-29,원재료 매입,D002,V001,전자세금계산서,TAX-202608-0117,고무 원재료 외상 매입,1210,7750000,1180.0,775000,2110,8525000,,0,7750000,775000,8515000,포트폴리오용 합성 거래,1,전표 합계 불일치,검토 필요
JV2026081118,2026-08-17,원재료 매입,D002,V001,전자세금계산서,TAX-202608-0118,자동차부품용 소재 매입,1210,1980000,1180.0,198000,2110,2178000,,0,1980000,198000,2178000,포트폴리오용 합성 거래,0,없음,입력 가능
JV2026081119,2026-08-24,산업용 소모품 구매,D003,V004,법인카드,TAX-202608-0119,제품 포장재 구매,5130,320000,1180.0,32000,2110,352000,,0,320000,32000,352000,포트폴리오용 합성 거래,0,없음,입력 가능
JV2026081120,2026-08-17,제품 판매,D006,C001,전자세금계산서,TAX-202608-0120,고무호스 제품 외상 판매,1130,20328000,,0,4110,18480000,2180.0,1848000,18480000,1848000,20328000,포트폴리오용 합성 거래,0,없음,입력 가능
JV2026081121,2026-08-09,경영서비스 수수료,D001,V008,전자세금계산서,TAX-202608-0121,업무 시스템 자문료,5160,790000,1180.0,79000,2120,869000,,0,790000,79000,869000,포트폴리오용 합성 거래,0,없음,입력 가능
JV2026081122,2026-08-16,제품 판매,D006,C002,전자세금계산서,TAX-202608-0122,고무호스 제품 외상 판매,1130,11308000,,0,4110,10280000,2180.0,1028000,10280000,1028000,11308000,포트폴리오용 합성 거래,0,없음,입력 가능
JV2026081123,2026-08-04,산업용 소모품 구매,D005,V003,법인카드,CARD-202608-0123,생산 작업용 장갑 구매,5130,210000,1180.0,21000,2140,231000,,0,210000,21000,231000,포트폴리오용 합성 거래,0,없음,입력 가능
JV2026081124,2026-08-09,제품 판매,D006,C003,전자세금계산서,TAX-202608-0124,고무호스 제품 외상 판매,1130,8294000,,0,4110,7540000,2180.0,754000,7540000,754000,8294000,포트폴리오용 합성 거래,0,없음,입력 가능
JV2026081125,2026-08-20,제품 판매,D006,V999,전자세금계산서,TAX-202608-0125,고무호스 제품 외상 판매,1130,12650000,,0,4110,11500000,2180.0,1150000,11500000,1150000,12650000,포트폴리오용 합성 거래,1,존재하지 않는 거래처,검토 필요
JV2026081126,2026-08-05,운송비,D007,V005,전자세금계산서,TAX-202608-0126,제품 납품 운송비,5140,1180000,1180.0,118000,2120,1298000,,0,1180000,118000,1298000,포트폴리오용 합성 거래,0,없음,입력 가능
JV2026081127,2026-08-21,공장 전기요금,D004,V006,전자세금계산서,TAX-202608-0127,공장 설비 전력 사용료,5150,1520000,1180.0,152000,2120,1672000,,0,1520000,152000,1672000,포트폴리오용 합성 거래,0,없음,입력 가능
JV2026081128,2026-08-13,제품 판매,D006,C001,전자세금계산서,TAX-202608-0128,방진부품 외상 판매,1130,15015000,,0,4110,13650000,2180.0,1365000,13650000,1365000,15015000,포트폴리오용 합성 거래,0,없음,입력 가능
JV2026081129,2026-08-26,제품 판매,D006,C002,전자세금계산서,TAX-202608-0129,방진부품 외상 판매,1130,16016000,,0,4110,14560000,2180.0,1456000,14560000,1456000,16016000,포트폴리오용 합성 거래,0,없음,입력 가능
JV2026081130,2026-08-11,경영서비스 수수료,D001,V008,전자세금계산서,TAX-202608-0130,회계 자문 수수료,5160,1240000,1180.0,124000,2120,1364000,,0,1240000,124000,1364000,포트폴리오용 합성 거래,0,없음,입력 가능
JV2026081131,2026-08-10,원재료 매입,D002,V002,전자세금계산서,TAX-202608-0131,고무 원재료 외상 매입,1210,5910000,1180.0,591000,2110,6501000,,0,5910000,591000,6501000,포트폴리오용 합성 거래,0,없음,입력 가능
JV2026081132,2026-08-14,제품 판매,D006,C002,전자세금계산서,TAX-202608-0132,방진부품 외상 판매,1130,21736000,,0,4110,19760000,2180.0,1976000,19760000,1976000,21736000,포트폴리오용 합성 거래,0,없음,입력 가능
JV2026081133,2026-08-27,원재료 매입,D002,V001,전자세금계산서,TAX-202608-0133,합성고무 원재료 구매,1210,7330000,1180.0,733000,2110,8063000,,0,7330000,733000,8063000,포트폴리오용 합성 거래,0,없음,입력 가능
JV2026081134,2026-08-06,원재료 매입,D002,V001,전자세금계산서,TAX-202608-0134,고무 원재료 외상 매입,1210,4380000,1180.0,438000,2110,4818000,,0,4380000,438000,4818000,포트폴리오용 합성 거래,0,없음,입력 가능
JV2026081135,2026-08-22,공장 전기요금,D003,V006,전자세금계산서,TAX-202608-0135,생산1공장 전기요금,5150,2440000,1180.0,244000,2120,2684000,,0,2440000,244000,2684000,포트폴리오용 합성 거래,0,없음,입력 가능
JV2026081136,2026-08-04,제품 판매,D006,C001,전자세금계산서,TAX-202608-0136,자동차용 고무부품 외상 판매,1130,15323000,,0,4110,13930000,2180.0,1393000,13930000,1393000,15323000,포트폴리오용 합성 거래,0,없음,입력 가능
JV2026081137,2026-09-05,경영서비스 수수료,D001,V008,전자세금계산서,TAX-202608-0137,업무 시스템 자문료,5160,1570000,1180.0,157000,2120,1727000,,0,1570000,157000,1727000,포트폴리오용 합성 거래,1,회계기간 이탈,검토 필요
JV2026081138,2026-08-26,공장 전기요금,D003,V006,전자세금계산서,TAX-202608-0138,생산2공장 전기요금,5150,1180000,1180.0,118000,2120,1298000,,0,1180000,118000,1298000,포트폴리오용 합성 거래,0,없음,입력 가능
JV2026081139,2026-08-13,원재료 매입,D002,V001,전자세금계산서,TAX-202608-0139,고무 원재료 외상 매입,1210,3190000,1180.0,319000,2110,3509000,,0,3190000,319000,3509000,포트폴리오용 합성 거래,0,없음,입력 가능
JV2026081140,2026-08-31,공장 전기요금,D004,V006,전자세금계산서,TAX-202608-0140,생산1공장 전기요금,5150,4600000,1180.0,460000,2120,5060000,,0,4600000,460000,5060000,포트폴리오용 합성 거래,0,없음,입력 가능
JV2026081141,2026-08-13,경영서비스 수수료,D001,V008,전자세금계산서,TAX-202608-0141,업무 시스템 자문료,5160,1410000,1180.0,141000,2120,1551000,,0,1410000,141000,1551000,포트폴리오용 합성 거래,0,없음,입력 가능
JV2026081142,2026-08-17,제품 판매,D006,C003,전자세금계산서,TAX-202608-0142,고무호스 제품 외상 판매,1130,19052000,,0,4110,17320000,2180.0,1732000,17320000,1732000,19052000,포트폴리오용 합성 거래,0,없음,입력 가능
JV2026081143,2026-08-06,제품 판매,D006,C002,전자세금계산서,TAX-202608-0143,자동차용 고무부품 외상 판매,1130,3927000,,0,4110,3570000,2180.0,357000,3570000,357000,3927000,포트폴리오용 합성 거래,0,없음,입력 가능
JV2026081144,2026-09-05,원재료 매입,D002,V002,전자세금계산서,TAX-202608-0144,고무 원재료 외상 매입,1210,2480000,1180.0,248000,2110,2728000,,0,2480000,248000,2728000,포트폴리오용 합성 거래,1,회계기간 이탈,검토 필요
JV2026081145,2026-08-28,원재료 매입,D002,V001,전자세금계산서,TAX-202608-0145,자동차부품용 소재 매입,1210,3280000,1180.0,328000,2110,3608000,,0,3280000,328000,3608000,포트폴리오용 합성 거래,0,없음,입력 가능
JV2026081146,2026-08-18,원재료 매입,D002,V001,전자세금계산서,TAX-202608-0146,고무 원재료 외상 매입,1210,1460000,1180.0,146000,2110,1606000,,0,1460000,146000,1606000,포트폴리오용 합성 거래,0,없음,입력 가능
JV2026081147,2026-08-31,공장 전기요금,D004,V006,전자세금계산서,TAX-202608-0147,공장 설비 전력 사용료,5150,1000000,1180.0,100000,2120,1100000,,0,1000000,100000,1100000,포트폴리오용 합성 거래,0,없음,입력 가능
JV2026081148,2026-08-16,공장 전기요금,D004,V006,전자세금계산서,TAX-202608-0148,공장 설비 전력 사용료,5150,1110000,1180.0,111000,2120,1221000,,0,1110000,111000,1221000,포트폴리오용 합성 거래,0,없음,입력 가능
JV2026081149,2026-08-06,제품 판매,D006,C004,전자세금계산서,TAX-202608-0149,고무호스 제품 외상 판매,1130,13981000,,0,4110,12710000,2180.0,1271000,12710000,1271000,13981000,포트폴리오용 합성 거래,0,없음,입력 가능
JV2026081150,2026-08-28,원재료 매입,D002,V001,전자세금계산서,TAX-202608-0150,합성고무 원재료 구매,1210,7750000,1180.0,775000,2110,8525000,,0,7750000,775000,8525000,포트폴리오용 합성 거래,0,없음,입력 가능
JV2026081151,2026-08-28,운송비,D007,V005,전자세금계산서,TAX-202608-0151,원재료 입고 운송비,5140,470000,1180.0,47000,2120,517000,,0,470000,47000,517000,포트폴리오용 합성 거래,0,없음,입력 가능
JV2026081152,2026-09-05,원재료 매입,D002,V001,전자세금계산서,TAX-202608-0152,자동차부품용 소재 매입,1210,2440000,1180.0,244000,2110,2684000,,0,2440000,244000,2684000,포트폴리오용 합성 거래,1,회계기간 이탈,검토 필요
JV2026081153,2026-08-28,원재료 매입,D002,V001,전자세금계산서,TAX-202608-0153,고무 원재료 외상 매입,1210,6570000,1180.0,657000,2110,7227000,,0,6570000,657000,7227000,포트폴리오용 합성 거래,0,없음,입력 가능
JV2026081154,2026-08-19,원재료 매입,D002,V002,전자세금계산서,TAX-202608-0154,합성고무 원재료 구매,1210,3550000,1180.0,355000,2110,3905000,,0,3550000,355000,3905000,포트폴리오용 합성 거래,0,없음,입력 가능
JV2026081155,2026-08-10,공장 전기요금,D003,V006,전자세금계산서,TAX-202608-0155,생산2공장 전기요금,5150,4110000,1180.0,411000,2120,4521000,,0,4110000,411000,4521000,포트폴리오용 합성 거래,0,없음,입력 가능
JV2026081156,2026-08-05,제품 판매,D006,C003,전자세금계산서,TAX-202608-0156,자동차용 고무부품 외상 판매,1130,15862000,,0,4110,14420000,2180.0,1442000,14420000,1442000,15862000,포트폴리오용 합성 거래,0,없음,입력 가능
JV2026081157,2026-08-15,산업용 소모품 구매,D003,V004,법인카드,TAX-202608-0157,검사용 소모품 구매,5130,580000,1180.0,58000,2110,638000,,0,580000,68000,638000,포트폴리오용 합성 거래,1,부가세 계산 오류,검토 필요
JV2026081158,2026-08-22,산업용 소모품 구매,D005,V004,법인카드,TAX-202608-0158,생산 작업용 장갑 구매,5130,680000,1180.0,68000,2110,748000,,0,680000,68000,748000,포트폴리오용 합성 거래,0,없음,입력 가능
JV2026081159,2026-08-02,제품 판매,D006,C001,전자세금계산서,TAX-202608-0159,자동차용 고무부품 외상 판매,1130,4444000,,0,4110,4040000,2180.0,404000,4040000,404000,4444000,포트폴리오용 합성 거래,0,없음,입력 가능
JV2026081160,2026-08-23,산업용 소모품 구매,D003,V003,법인카드,CARD-202608-0160,현장 안전용품 구매,5130,150000,1180.0,15000,2140,165000,,0,150000,15000,165000,포트폴리오용 합성 거래,0,없음,입력 가능
JV2026081161,2026-08-31,생산설비 구매,D002,V007,전자세금계산서,TAX-202608-0161,생산설비 구매,1510,26680000,1180.0,2668000,2120,29348000,,0,26680000,2668000,29348000,포트폴리오용 합성 거래,0,없음,입력 가능
JV2026081162,2026-08-05,제품 판매,D006,C001,전자세금계산서,TAX-202608-0162,방진부품 외상 판매,1130,20768000,,0,4110,18880000,2180.0,1888000,18880000,1888000,20768000,포트폴리오용 합성 거래,0,없음,입력 가능
JV2026081163,2026-08-17,제품 판매,D006,C002,전자세금계산서,TAX-202608-0163,방진부품 외상 판매,1130,15488000,,0,4110,14080000,2180.0,1408000,14080000,1408000,15488000,포트폴리오용 합성 거래,0,없음,입력 가능
JV2026081164,2026-08-01,운송비,D007,V005,전자세금계산서,TAX-202608-0164,원재료 입고 운송비,5140,700000,1180.0,70000,2120,770000,,0,700000,70000,770000,포트폴리오용 합성 거래,0,없음,입력 가능
JV2026081165,2026-08-01,원재료 매입,D002,V002,전자세금계산서,TAX-202608-0165,합성고무 원재료 구매,1210,5870000,1180.0,587000,2110,6457000,,0,5870000,587000,6457000,포트폴리오용 합성 거래,0,없음,입력 가능
JV2026081166,2026-08-08,공장 전기요금,D004,V006,전자세금계산서,TAX-202608-0166,공장 설비 전력 사용료,5150,1380000,1180.0,138000,2120,1518000,,0,1380000,138000,1518000,포트폴리오용 합성 거래,0,없음,입력 가능
JV2026081167,2026-08-22,생산설비 구매,D002,V007,전자세금계산서,TAX-202608-0167,품질검사 설비 구매,1510,31650000,1180.0,3165000,2120,34815000,,0,31650000,3165000,34815000,포트폴리오용 합성 거래,0,없음,입력 가능
JV2026081168,2026-08-01,제품 판매,D006,C002,전자세금계산서,,고무호스 제품 외상 판매,1130,15147000,,0,4110,13770000,2180.0,1377000,13770000,1377000,15147000,포트폴리오용 합성 거래,1,필수값 누락,검토 필요
JV2026081169,2026-08-27,제품 판매,D006,C002,전자세금계산서,TAX-202608-0169,자동차용 씰링부품 외상 판매,1130,7700000,,0,4110,7000000,2180.0,700000,7000000,700000,7700000,포트폴리오용 합성 거래,0,없음,입력 가능
JV2026081170,2026-08-15,원재료 매입,D002,V001,전자세금계산서,TAX-202608-0170,자동차부품용 소재 매입,1210,3280000,1180.0,328000,2110,3608000,,0,3280000,328000,3608000,포트폴리오용 합성 거래,0,없음,입력 가능
JV2026081171,2026-08-19,공장 전기요금,D004,V006,전자세금계산서,TAX-202608-0171,공장 설비 전력 사용료,5150,2020000,1180.0,202000,2120,2222000,,0,2020000,202000,2222000,포트폴리오용 합성 거래,0,없음,입력 가능
JV2026081172,2026-08-06,원재료 매입,D002,V002,전자세금계산서,TAX-202608-0172,합성고무 원재료 구매,1210,4050000,1180.0,405000,2110,4455000,,0,4050000,405000,4455000,포트폴리오용 합성 거래,0,없음,입력 가능
JV2026081173,2026-08-27,공장 전기요금,D004,V006,전자세금계산서,TAX-202608-0173,공장 설비 전력 사용료,5150,4070000,1180.0,407000,2120,4477000,,0,4070000,407000,4477000,포트폴리오용 합성 거래,0,없음,입력 가능
JV2026081174,2026-08-24,운송비,D007,V005,전자세금계산서,TAX-202608-0174,제품 납품 운송비,5140,980000,1180.0,98000,2120,1078000,,0,980000,98000,1078000,포트폴리오용 합성 거래,0,없음,입력 가능
JV2026081175,2026-08-17,산업용 소모품 구매,D004,V003,법인카드,CARD-202608-0175,제품 포장재 구매,5130,140000,1180.0,14000,2140,154000,,0,140000,14000,154000,포트폴리오용 합성 거래,0,없음,입력 가능
JV2026081176,2026-08-17,제품 판매,D006,C002,전자세금계산서,TAX-202608-0176,고무호스 제품 외상 판매,1130,18183000,,0,4110,16530000,2180.0,1653000,16530000,1653000,18183000,포트폴리오용 합성 거래,0,없음,입력 가능
JV2026081177,2026-08-05,제품 판매,D006,C004,전자세금계산서,TAX-202608-0177,고무호스 제품 외상 판매,9999,9295000,,0,4110,8450000,2180.0,845000,8450000,845000,9295000,포트폴리오용 합성 거래,1,존재하지 않는 계정과목,검토 필요
JV2026081178,2026-08-30,공장 전기요금,D004,V006,전자세금계산서,TAX-202608-0178,생산1공장 전기요금,5150,3340000,1180.0,334000,2120,3674000,,0,3340000,334000,3674000,포트폴리오용 합성 거래,0,없음,입력 가능
JV2026081179,2026-08-15,공장 전기요금,D003,V006,전자세금계산서,TAX-202608-0179,공장 설비 전력 사용료,5150,3480000,1180.0,348000,2120,3828000,,0,3480000,348000,3828000,포트폴리오용 합성 거래,0,없음,입력 가능
JV2026081180,2026-08-11,운송비,D007,V005,전자세금계산서,TAX-202608-0180,긴급 납품 운송비,9999,1370000,1180.0,137000,2120,1507000,,0,1370000,137000,1507000,포트폴리오용 합성 거래,1,존재하지 않는 계정과목,검토 필요
JV2026081181,2026-08-03,생산설비 구매,D002,V007,전자세금계산서,TAX-202608-0181,생산설비 구매,1510,28870000,1180.0,2887000,2120,31757000,,0,28870000,2887000,31757000,포트폴리오용 합성 거래,0,없음,입력 가능
JV2026081182,2026-08-18,운송비,D007,V005,전자세금계산서,TAX-202608-0182,제품 납품 운송비,5140,800000,1180.0,80000,2120,880000,,0,800000,80000,880000,포트폴리오용 합성 거래,0,없음,입력 가능
JV2026081183,2026-08-05,원재료 매입,D002,V001,전자세금계산서,TAX-202608-0183,고무 원재료 외상 매입,1210,5650000,1180.0,565000,2110,6215000,,0,5650000,565000,6215000,포트폴리오용 합성 거래,0,없음,입력 가능
JV2026081184,2026-08-21,원재료 매입,D002,V001,전자세금계산서,TAX-202608-0184,합성고무 원재료 구매,1210,6120000,1180.0,612000,2110,6732000,,0,6120000,612000,6732000,포트폴리오용 합성 거래,0,없음,입력 가능
JV2026081185,2026-08-14,운송비,D007,V005,전자세금계산서,TAX-202608-0185,원재료 입고 운송비,5140,530000,1180.0,53000,2120,583000,,0,530000,53000,583000,포트폴리오용 합성 거래,0,없음,입력 가능
JV2026081186,2026-08-27,원재료 매입,D002,V002,전자세금계산서,TAX-202608-0186,고무 원재료 외상 매입,1210,1720000,1180.0,172000,2110,1892000,,0,1720000,172000,1892000,포트폴리오용 합성 거래,0,없음,입력 가능
JV2026081187,2026-08-22,원재료 매입,D002,V001,전자세금계산서,TAX-202608-0187,고무 원재료 외상 매입,1210,3380000,1180.0,338000,2110,3718000,,0,3380000,338000,3718000,포트폴리오용 합성 거래,0,없음,입력 가능
JV2026081188,2026-08-31,운송비,D007,V005,전자세금계산서,TAX-202608-0188,긴급 납품 운송비,5140,670000,1180.0,67000,2120,737000,,0,670000,67000,737000,포트폴리오용 합성 거래,0,없음,입력 가능
JV2026081189,2026-08-08,원재료 매입,D002,V002,전자세금계산서,TAX-202608-0189,고무 원재료 외상 매입,1210,7240000,1180.0,724000,2110,7964000,,0,7240000,724000,7964000,포트폴리오용 합성 거래,0,없음,입력 가능
JV2026081190,2026-08-15,공장 전기요금,D004,V006,전자세금계산서,TAX-202608-0190,공장 설비 전력 사용료,5150,2260000,1180.0,226000,2120,2486000,,0,2260000,226000,2486000,포트폴리오용 합성 거래,0,없음,입력 가능
JV2026081191,2026-08-28,제품 판매,D006,C002,전자세금계산서,TAX-202608-0191,자동차용 씰링부품 외상 판매,1130,4147000,,0,4110,3770000,2180.0,377000,3770000,377000,4147000,포트폴리오용 합성 거래,0,없음,입력 가능
JV2026081192,2026-08-26,운송비,D007,V005,전자세금계산서,TAX-202608-0192,제품 납품 운송비,5140,330000,1180.0,33000,2120,363000,,0,330000,33000,363000,포트폴리오용 합성 거래,0,없음,입력 가능
JV2026081193,2026-08-03,원재료 매입,D002,V001,전자세금계산서,TAX-202608-0193,자동차부품용 소재 매입,1210,7220000,1180.0,722000,2110,7942000,,0,7220000,722000,7942000,포트폴리오용 합성 거래,0,없음,입력 가능
JV2026081194,2026-08-28,제품 판매,D006,C003,전자세금계산서,TAX-202608-0194,방진부품 외상 판매,1130,17567000,,0,4110,15970000,2180.0,1597000,15970000,1597000,17567000,포트폴리오용 합성 거래,0,없음,입력 가능
JV2026081195,2026-08-25,산업용 소모품 구매,D005,V003,법인카드,CARD-202608-0195,제품 포장재 구매,9999,370000,1180.0,37000,2140,407000,,0,370000,37000,407000,포트폴리오용 합성 거래,1,존재하지 않는 계정과목,검토 필요
JV2026081196,2026-08-07,원재료 매입,D002,V001,전자세금계산서,TAX-202608-0196,고무 원재료 외상 매입,1210,1850000,1180.0,185000,2110,2035000,,0,1850000,185000,2035000,포트폴리오용 합성 거래,0,없음,입력 가능
JV2026081197,2026-08-13,산업용 소모품 구매,D003,V004,법인카드,TAX-202608-0197,생산 작업용 장갑 구매,9999,930000,1180.0,93000,2110,1023000,,0,930000,93000,1023000,포트폴리오용 합성 거래,1,존재하지 않는 계정과목,검토 필요
JV2026081198,2026-08-03,운송비,D007,V005,전자세금계산서,TAX-202608-0198,원재료 입고 운송비,5140,1280000,1180.0,128000,2120,1408000,,0,1280000,128000,1408000,포트폴리오용 합성 거래,0,없음,입력 가능
JV2026081199,2026-08-22,운송비,D007,V005,전자세금계산서,TAX-202608-0199,긴급 납품 운송비,5140,530000,1180.0,53000,2120,583000,,0,530000,53000,583000,포트폴리오용 합성 거래,0,없음,입력 가능
JV2026081200,2026-08-12,공장 전기요금,D004,V006,전자세금계산서,TAX-202608-0200,생산1공장 전기요금,5150,1820000,1180.0,182000,2120,2002000,,0,1820000,182000,2002000,포트폴리오용 합성 거래,0,없음,입력 가능
JV2026081201,2026-08-26,산업용 소모품 구매,D004,V003,법인카드,CARD-202608-0201,현장 안전용품 구매,5130,730000,1180.0,73000,2140,803000,,0,730000,73000,803000,포트폴리오용 합성 거래,0,없음,입력 가능
JV2026081202,2026-08-13,공장 전기요금,D004,V006,전자세금계산서,TAX-202608-0202,공장 설비 전력 사용료,5150,3280000,1180.0,328000,2120,3608000,,0,3280000,328000,3608000,포트폴리오용 합성 거래,0,없음,입력 가능
JV2026081203,2026-08-21,제품 판매,D006,C001,전자세금계산서,TAX-202608-0203,자동차용 씰링부품 외상 판매,1130,20955000,,0,4110,19050000,2180.0,1905000,19050000,1905000,20955000,포트폴리오용 합성 거래,0,없음,입력 가능
JV2026081204,2026-08-11,원재료 매입,D002,V002,전자세금계산서,TAX-202608-0204,합성고무 원재료 구매,1210,5450000,1180.0,545000,2110,5995000,,0,5450000,545000,5995000,포트폴리오용 합성 거래,0,없음,입력 가능
JV2026081205,2026-08-09,원재료 매입,D002,V001,전자세금계산서,TAX-202608-0205,자동차부품용 소재 매입,1210,3420000,1180.0,342000,2110,3762000,,0,3420000,342000,3762000,포트폴리오용 합성 거래,0,없음,입력 가능
JV2026081206,2026-08-06,원재료 매입,D002,V001,전자세금계산서,TAX-202608-0206,자동차부품용 소재 매입,1210,4210000,1180.0,421000,2110,4631000,,0,4210000,421000,4631000,포트폴리오용 합성 거래,0,없음,입력 가능
JV2026081207,2026-08-06,공장 전기요금,D003,V006,전자세금계산서,TAX-202608-0207,공장 설비 전력 사용료,9999,2170000,1180.0,217000,2120,2387000,,0,2170000,217000,2387000,포트폴리오용 합성 거래,1,존재하지 않는 계정과목,검토 필요
JV2026081208,2026-08-19,원재료 매입,D002,V002,전자세금계산서,TAX-202608-0208,합성고무 원재료 구매,1210,6730000,1180.0,673000,2110,7403000,,0,6730000,673000,7403000,포트폴리오용 합성 거래,0,없음,입력 가능
JV2026081209,2026-08-08,제품 판매,D006,V999,전자세금계산서,TAX-202608-0209,방진부품 외상 판매,1130,14839000,,0,4110,13490000,2180.0,1349000,13490000,1349000,14839000,포트폴리오용 합성 거래,1,존재하지 않는 거래처,검토 필요
JV2026081210,2026-08-06,원재료 매입,D002,V002,전자세금계산서,TAX-202608-0210,고무 원재료 외상 매입,1210,5090000,1180.0,509000,2110,5599000,,0,5090000,509000,5599000,포트폴리오용 합성 거래,0,없음,입력 가능
JV2026081211,2026-08-20,산업용 소모품 구매,D007,V003,법인카드,CARD-202608-0211,생산 작업용 장갑 구매,5130,210000,1180.0,21000,2140,231000,,0,210000,21000,221000,포트폴리오용 합성 거래,1,전표 합계 불일치,검토 필요
JV2026081212,2026-08-06,원재료 매입,D002,V002,전자세금계산서,TAX-202608-0212,합성고무 원재료 구매,1210,2380000,1180.0,238000,2110,2618000,,0,2380000,238000,2618000,포트폴리오용 합성 거래,0,없음,입력 가능
JV2026081213,2026-08-03,제품 판매,D006,C001,전자세금계산서,TAX-202608-0213,방진부품 외상 판매,1130,21956000,,0,4110,19960000,2180.0,1996000,19960000,1996000,21956000,포트폴리오용 합성 거래,0,없음,입력 가능
JV2026081214,2026-08-23,산업용 소모품 구매,D004,V004,법인카드,TAX-202608-0214,생산 작업용 장갑 구매,5130,190000,1180.0,19000,2110,209000,,0,190000,19000,209000,포트폴리오용 합성 거래,0,없음,입력 가능
JV2026081215,2026-08-02,제품 판매,D006,C001,전자세금계산서,TAX-202608-0215,고무호스 제품 외상 판매,1130,21109000,,0,4110,19190000,2180.0,1919000,19190000,1919000,21109000,포트폴리오용 합성 거래,0,없음,입력 가능
JV2026081216,2026-08-17,원재료 매입,D002,V001,전자세금계산서,TAX-202608-0216,고무 원재료 외상 매입,1210,6490000,1180.0,649000,2110,7139000,,0,6490000,649000,7139000,포트폴리오용 합성 거래,0,없음,입력 가능
JV2026081217,2026-08-05,산업용 소모품 구매,D005,V004,법인카드,TAX-202608-0217,생산 작업용 장갑 구매,5130,710000,1180.0,71000,2110,781000,,0,710000,71000,781000,포트폴리오용 합성 거래,0,없음,입력 가능
JV2026081218,2026-08-14,경영서비스 수수료,D999,V008,전자세금계산서,TAX-202608-0218,경영관리 서비스 비용,5160,1660000,1180.0,166000,2120,1826000,,0,1660000,166000,1826000,포트폴리오용 합성 거래,1,존재하지 않는 부서,검토 필요
JV2026081219,2026-08-02,경영서비스 수수료,D001,V008,전자세금계산서,TAX-202608-0219,회계 자문 수수료,5160,1250000,1180.0,125000,2120,1375000,,0,1250000,125000,1375000,포트폴리오용 합성 거래,0,없음,입력 가능
JV2026081220,2026-08-22,산업용 소모품 구매,D007,V003,법인카드,CARD-202608-0220,현장 안전용품 구매,5130,690000,1180.0,69000,2140,759000,,0,690000,69000,759000,포트폴리오용 합성 거래,0,없음,입력 가능
JV2026081221,2026-08-09,제품 판매,D006,C004,전자세금계산서,TAX-202608-0221,방진부품 외상 판매,1130,17072000,,0,4110,15520000,2180.0,1552000,15520000,1552000,17072000,포트폴리오용 합성 거래,0,없음,입력 가능
JV2026081222,2026-08-21,원재료 매입,D002,V002,전자세금계산서,TAX-202608-0222,자동차부품용 소재 매입,1210,2640000,1180.0,264000,2110,2904000,,0,2640000,264000,2904000,포트폴리오용 합성 거래,0,없음,입력 가능
JV2026081223,2026-08-26,제품 판매,D006,C003,전자세금계산서,TAX-202608-0223,자동차용 씰링부품 외상 판매,1130,9603000,,0,4110,8730000,2180.0,873000,8730000,873000,9603000,포트폴리오용 합성 거래,0,없음,입력 가능
JV2026081224,2026-08-18,산업용 소모품 구매,D004,V003,법인카드,CARD-202608-0224,생산 작업용 장갑 구매,5130,490000,1180.0,49000,2140,539000,,0,490000,49000,539000,포트폴리오용 합성 거래,0,없음,입력 가능
JV2026081225,2026-08-19,운송비,D007,V005,전자세금계산서,TAX-202608-0225,원재료 입고 운송비,5140,1440000,1180.0,144000,2120,1584000,,0,1440000,144000,1584000,포트폴리오용 합성 거래,0,없음,입력 가능
JV2026081226,2026-08-01,산업용 소모품 구매,D005,V003,법인카드,CARD-202608-0226,제품 포장재 구매,5130,340000,1180.0,34000,2140,374000,,0,340000,34000,374000,포트폴리오용 합성 거래,0,없음,입력 가능
JV2026081227,2026-08-14,산업용 소모품 구매,D005,V003,법인카드,CARD-202608-0227,검사용 소모품 구매,5130,620000,1180.0,62000,2140,682000,,0,620000,62000,682000,포트폴리오용 합성 거래,0,없음,입력 가능
JV2026081228,2026-08-19,제품 판매,D006,C003,전자세금계산서,CARD-202608-0001,방진부품 외상 판매,1130,5467000,,0,4110,4970000,2180.0,497000,4970000,497000,5467000,포트폴리오용 합성 거래,1,증빙번호 중복,검토 필요
JV2026081229,2026-08-08,제품 판매,D006,C003,전자세금계산서,TAX-202608-0229,방진부품 외상 판매,1130,9383000,,0,4110,8530000,2180.0,853000,8530000,853000,9383000,포트폴리오용 합성 거래,0,없음,입력 가능
JV2026081230,2026-08-29,원재료 매입,D002,V001,전자세금계산서,TAX-202608-0230,자동차부품용 소재 매입,1210,3880000,1180.0,388000,2110,4268000,,0,3880000,388000,4268000,포트폴리오용 합성 거래,0,없음,입력 가능
JV2026081231,2026-08-27,운송비,D007,V005,전자세금계산서,TAX-202608-0231,긴급 납품 운송비,5140,570000,1180.0,57000,2120,627000,,0,570000,57000,627000,포트폴리오용 합성 거래,0,없음,입력 가능
JV2026081232,2026-08-27,제품 판매,D006,C001,전자세금계산서,TAX-202608-0232,자동차용 고무부품 외상 판매,1130,13750000,,0,4110,12500000,2180.0,1250000,12500000,1250000,13750000,포트폴리오용 합성 거래,0,없음,입력 가능
JV2026081233,2026-08-02,원재료 매입,D002,V002,전자세금계산서,TAX-202608-0233,합성고무 원재료 구매,1210,6210000,1180.0,621000,2110,6831000,,0,6210000,621000,6831000,포트폴리오용 합성 거래,0,없음,입력 가능
JV2026081234,2026-08-01,운송비,D007,V005,전자세금계산서,TAX-202608-0234,원재료 입고 운송비,5140,1370000,1180.0,137000,2120,1507000,,0,1370000,137000,1507000,포트폴리오용 합성 거래,0,없음,입력 가능
JV2026081235,2026-08-04,제품 판매,D006,C003,전자세금계산서,TAX-202608-0235,방진부품 외상 판매,1130,5665000,,0,4110,5150000,2180.0,515000,5150000,515000,5665000,포트폴리오용 합성 거래,0,없음,입력 가능
JV2026081236,2026-08-08,공장 전기요금,D003,V006,전자세금계산서,TAX-202608-0236,생산1공장 전기요금,5150,3600000,1180.0,360000,2120,3960000,,0,3600000,360000,3960000,포트폴리오용 합성 거래,0,없음,입력 가능
JV2026081237,2026-08-02,운송비,D007,V005,전자세금계산서,TAX-202608-0237,제품 납품 운송비,5140,1140000,1180.0,114000,2120,1254000,,0,1140000,114000,1254000,포트폴리오용 합성 거래,0,없음,입력 가능
JV2026081238,2026-08-11,공장 전기요금,D004,V006,전자세금계산서,TAX-202608-0238,생산2공장 전기요금,5150,3820000,1180.0,382000,2120,4202000,,0,3820000,382000,4202000,포트폴리오용 합성 거래,0,없음,입력 가능
JV2026081239,2026-08-08,산업용 소모품 구매,D004,V003,법인카드,CARD-202608-0239,검사용 소모품 구매,5130,470000,1180.0,47000,2140,517000,,0,470000,47000,517000,포트폴리오용 합성 거래,0,없음,입력 가능
JV2026081240,2026-08-26,원재료 매입,D002,V001,전자세금계산서,TAX-202608-0240,자동차부품용 소재 매입,1210,4010000,1180.0,401000,2110,4411000,,0,4010000,401000,4411000,포트폴리오용 합성 거래,0,없음,입력 가능
JV2026081241,2026-08-08,공장 전기요금,D004,V006,전자세금계산서,TAX-202608-0241,생산1공장 전기요금,5150,3090000,1180.0,309000,2120,3399000,,0,3090000,309000,3399000,포트폴리오용 합성 거래,0,없음,입력 가능
JV2026081242,2026-08-12,공장 전기요금,D003,V006,전자세금계산서,TAX-202608-0242,공장 설비 전력 사용료,5150,4550000,1180.0,455000,2120,5005000,,0,4550000,455000,5005000,포트폴리오용 합성 거래,0,없음,입력 가능
JV2026081243,2026-08-05,제품 판매,D006,C001,전자세금계산서,TAX-202608-0243,고무호스 제품 외상 판매,1130,4686000,,0,4110,4260000,2180.0,426000,4260000,426000,4686000,포트폴리오용 합성 거래,0,없음,입력 가능
JV2026081244,2026-08-26,원재료 매입,D002,V002,전자세금계산서,TAX-202608-0244,자동차부품용 소재 매입,1210,1500000,1180.0,150000,2110,1650000,,0,1500000,150000,1650000,포트폴리오용 합성 거래,0,없음,입력 가능
JV2026081245,2026-08-22,경영서비스 수수료,D001,V008,전자세금계산서,TAX-202608-0245,회계 자문 수수료,5160,600000,1180.0,60000,2120,660000,,0,600000,60000,660000,포트폴리오용 합성 거래,0,없음,입력 가능
JV2026081246,2026-08-05,운송비,D007,V005,전자세금계산서,TAX-202608-0246,원재료 입고 운송비,5140,1090000,1180.0,109000,2120,1199000,,0,1090000,109000,1199000,포트폴리오용 합성 거래,0,없음,입력 가능
JV2026081247,2026-08-25,제품 판매,D006,V999,전자세금계산서,TAX-202608-0247,방진부품 외상 판매,1130,14564000,,0,4110,13240000,2180.0,1324000,13240000,1324000,14564000,포트폴리오용 합성 거래,1,존재하지 않는 거래처,검토 필요
JV2026081248,2026-08-08,제품 판매,D006,C003,전자세금계산서,TAX-202608-0248,방진부품 외상 판매,1130,10560000,,0,4110,9600000,2180.0,960000,9600000,960000,10560000,포트폴리오용 합성 거래,0,없음,입력 가능
JV2026081249,2026-08-20,산업용 소모품 구매,D003,V003,법인카드,CARD-202608-0249,검사용 소모품 구매,5130,660000,1180.0,66000,2140,726000,,0,660000,66000,726000,포트폴리오용 합성 거래,0,없음,입력 가능
JV2026081250,2026-08-31,원재료 매입,D002,V001,전자세금계산서,TAX-202608-0250,자동차부품용 소재 매입,1210,3430000,1180.0,343000,2110,3773000,,0,3430000,343000,3773000,포트폴리오용 합성 거래,0,없음,입력 가능
JV2026081251,2026-08-06,운송비,D007,V005,전자세금계산서,TAX-202608-0251,긴급 납품 운송비,5140,1500000,1180.0,149000,2120,1639000,,0,1490000,149000,1639000,포트폴리오용 합성 거래,1,차변·대변 불일치,검토 필요
JV2026081252,2026-08-02,운송비,D007,V005,전자세금계산서,TAX-202608-0252,긴급 납품 운송비,5140,1100000,1180.0,110000,2120,1210000,,0,1100000,110000,1210000,포트폴리오용 합성 거래,0,없음,입력 가능
JV2026081253,2026-08-27,운송비,D999,V005,전자세금계산서,TAX-202608-0253,긴급 납품 운송비,5140,1270000,1180.0,127000,2120,1397000,,0,1270000,127000,1397000,포트폴리오용 합성 거래,1,존재하지 않는 부서,검토 필요
JV2026081254,2026-08-25,제품 판매,D006,C002,전자세금계산서,TAX-202608-0254,고무호스 제품 외상 판매,1130,16533000,,0,4110,15030000,2180.0,1503000,15030000,1503000,16533000,포트폴리오용 합성 거래,0,없음,입력 가능
JV2026081255,2026-08-29,산업용 소모품 구매,D003,V004,법인카드,TAX-202608-0255,생산 작업용 장갑 구매,5130,720000,1180.0,72000,2110,792000,,0,720000,72000,792000,포트폴리오용 합성 거래,0,없음,입력 가능
JV2026081256,2026-08-21,원재료 매입,D002,V002,전자세금계산서,TAX-202608-0256,합성고무 원재료 구매,1210,1480000,1180.0,148000,2110,1628000,,0,1480000,148000,1628000,포트폴리오용 합성 거래,0,없음,입력 가능
JV2026081257,2026-08-17,원재료 매입,D002,V002,전자세금계산서,TAX-202608-0257,고무 원재료 외상 매입,1210,2470000,1180.0,247000,2110,2717000,,0,2470000,247000,2717000,포트폴리오용 합성 거래,0,없음,입력 가능
JV2026081258,2026-08-08,산업용 소모품 구매,D005,V004,법인카드,TAX-202608-0258,생산 작업용 장갑 구매,5130,580000,1180.0,58000,2110,638000,,0,580000,58000,638000,포트폴리오용 합성 거래,0,없음,입력 가능
JV2026081259,2026-08-30,원재료 매입,D002,V002,전자세금계산서,TAX-202608-0259,고무 원재료 외상 매입,1210,3140000,1180.0,314000,2110,3454000,,0,3140000,314000,3454000,포트폴리오용 합성 거래,0,없음,입력 가능
JV2026081260,2026-08-30,산업용 소모품 구매,D005,V004,법인카드,TAX-202608-0260,검사용 소모품 구매,5130,380000,1180.0,38000,2110,418000,,0,380000,38000,418000,포트폴리오용 합성 거래,0,없음,입력 가능
JV2026081261,2026-08-16,공장 전기요금,D003,V006,전자세금계산서,TAX-202608-0261,생산2공장 전기요금,5150,1180000,1180.0,118000,2120,1298000,,0,1180000,118000,1298000,포트폴리오용 합성 거래,0,없음,입력 가능
JV2026081262,2026-08-15,원재료 매입,D002,V002,전자세금계산서,TAX-202608-0262,자동차부품용 소재 매입,1210,2930000,1180.0,293000,2110,3223000,,0,2930000,293000,3223000,포트폴리오용 합성 거래,0,없음,입력 가능
JV2026081263,2026-08-18,운송비,D007,V005,전자세금계산서,TAX-202608-0263,제품 납품 운송비,5140,820000,1180.0,82000,2120,902000,,0,820000,82000,902000,포트폴리오용 합성 거래,0,없음,입력 가능
JV2026081264,2026-08-23,원재료 매입,D002,V002,전자세금계산서,TAX-202608-0264,고무 원재료 외상 매입,1210,7420000,1180.0,742000,2110,8162000,,0,7420000,742000,8162000,포트폴리오용 합성 거래,0,없음,입력 가능
JV2026081265,2026-08-02,산업용 소모품 구매,D005,V004,법인카드,TAX-202608-0265,검사용 소모품 구매,5130,960000,1180.0,96000,2110,1056000,,0,960000,96000,1056000,포트폴리오용 합성 거래,0,없음,입력 가능
JV2026081266,2026-08-07,제품 판매,D006,C004,전자세금계산서,TAX-202608-0266,자동차용 씰링부품 외상 판매,1130,18392000,,0,4110,16720000,2180.0,1672000,16720000,1672000,18392000,포트폴리오용 합성 거래,0,없음,입력 가능
JV2026081267,2026-08-24,산업용 소모품 구매,D005,V003,법인카드,CARD-202608-0267,,5130,960000,1180.0,96000,2140,1056000,,0,960000,96000,1056000,포트폴리오용 합성 거래,1,필수값 누락,검토 필요
JV2026081268,2026-08-08,생산설비 구매,D002,V007,전자세금계산서,TAX-202608-0268,생산설비 구매,1510,41250000,1180.0,4125000,2120,45375000,,0,41250000,4125000,45375000,포트폴리오용 합성 거래,0,없음,입력 가능
JV2026081269,2026-08-01,산업용 소모품 구매,D005,V003,법인카드,CARD-202608-0269,제품 포장재 구매,5130,170000,1180.0,17000,2140,187000,,0,170000,17000,187000,포트폴리오용 합성 거래,0,없음,입력 가능
JV2026081270,2026-08-24,원재료 매입,D002,V002,전자세금계산서,TAX-202608-0270,합성고무 원재료 구매,1210,5900000,1180.0,590000,2110,6490000,,0,5900000,590000,6490000,포트폴리오용 합성 거래,0,없음,입력 가능
JV2026081271,2026-08-22,제품 판매,D006,C004,전자세금계산서,TAX-202608-0271,자동차용 고무부품 외상 판매,1130,8448000,,0,4110,7680000,2180.0,768000,7680000,768000,8448000,포트폴리오용 합성 거래,0,없음,입력 가능
JV2026081272,2026-08-07,산업용 소모품 구매,D007,V003,법인카드,CARD-202608-0272,검사용 소모품 구매,5130,830000,1180.0,83000,2140,913000,,0,830000,83000,913000,포트폴리오용 합성 거래,0,없음,입력 가능
JV2026081273,2026-08-19,원재료 매입,D002,V001,전자세금계산서,TAX-202608-0273,고무 원재료 외상 매입,1210,7230000,1180.0,723000,2110,7953000,,0,7230000,723000,7953000,포트폴리오용 합성 거래,0,없음,입력 가능
JV2026081274,2026-08-28,원재료 매입,D002,V002,전자세금계산서,TAX-202608-0274,고무 원재료 외상 매입,1210,1810000,1180.0,181000,2110,1991000,,0,1810000,181000,1991000,포트폴리오용 합성 거래,0,없음,입력 가능
JV2026081275,2026-08-20,제품 판매,D006,C003,전자세금계산서,TAX-202608-0275,자동차용 고무부품 외상 판매,1130,20306000,,0,4110,18460000,2180.0,1846000,18460000,1846000,20306000,포트폴리오용 합성 거래,0,없음,입력 가능
JV2026081276,2026-08-23,원재료 매입,D002,V002,전자세금계산서,TAX-202608-0276,자동차부품용 소재 매입,1210,2180000,1180.0,218000,2110,2398000,,0,2180000,218000,2398000,포트폴리오용 합성 거래,0,없음,입력 가능
JV2026081277,2026-08-06,원재료 매입,D002,V001,전자세금계산서,TAX-202608-0277,고무 원재료 외상 매입,1210,3550000,1180.0,355000,2110,3905000,,0,3550000,355000,3905000,포트폴리오용 합성 거래,0,없음,입력 가능
JV2026081278,2026-08-12,공장 전기요금,D004,V006,전자세금계산서,TAX-202608-0278,생산1공장 전기요금,5150,4540000,1180.0,454000,2120,4994000,,0,4540000,454000,4994000,포트폴리오용 합성 거래,0,없음,입력 가능
JV2026081279,2026-08-24,제품 판매,D006,C002,전자세금계산서,TAX-202608-0279,고무호스 제품 외상 판매,1130,9812000,,0,4110,8920000,2180.0,892000,8920000,892000,9812000,포트폴리오용 합성 거래,0,없음,입력 가능
JV2026081280,2026-08-14,제품 판매,D006,C004,전자세금계산서,TAX-202608-0280,방진부품 외상 판매,1130,4697000,,0,4110,4270000,2180.0,427000,4270000,427000,4697000,포트폴리오용 합성 거래,0,없음,입력 가능
JV2026081281,2026-08-17,원재료 매입,D002,V002,전자세금계산서,TAX-202608-0281,자동차부품용 소재 매입,1210,6250000,1180.0,625000,2110,6875000,,0,6250000,625000,6875000,포트폴리오용 합성 거래,0,없음,입력 가능
JV2026081282,2026-08-13,경영서비스 수수료,D001,V008,전자세금계산서,TAX-202608-0282,경영관리 서비스 비용,5160,740000,1180.0,74000,2120,814000,,0,740000,74000,814000,포트폴리오용 합성 거래,0,없음,입력 가능
JV2026081283,2026-08-11,원재료 매입,D002,V002,전자세금계산서,TAX-202608-0283,합성고무 원재료 구매,1210,5930000,1180.0,593000,2110,6523000,,0,5930000,593000,6523000,포트폴리오용 합성 거래,0,없음,입력 가능
JV2026081284,2026-08-13,제품 판매,D006,C002,전자세금계산서,TAX-202608-0284,자동차용 고무부품 외상 판매,1130,9999000,,0,4110,9090000,2180.0,909000,9090000,909000,9999000,포트폴리오용 합성 거래,0,없음,입력 가능
JV2026081285,2026-08-18,원재료 매입,D002,V001,전자세금계산서,TAX-202608-0285,합성고무 원재료 구매,1210,2270000,1180.0,227000,2110,2497000,,0,2270000,227000,2497000,포트폴리오용 합성 거래,0,없음,입력 가능
JV2026081286,2026-08-06,원재료 매입,D002,V002,전자세금계산서,TAX-202608-0286,고무 원재료 외상 매입,1210,1340000,1180.0,133000,2110,1463000,,0,1330000,133000,1463000,포트폴리오용 합성 거래,1,차변·대변 불일치,검토 필요
JV2026081287,2026-08-26,공장 전기요금,D003,V006,전자세금계산서,TAX-202608-0287,생산2공장 전기요금,5150,1750000,1180.0,175000,2120,1925000,,0,1750000,175000,1925000,포트폴리오용 합성 거래,0,없음,입력 가능
JV2026081288,2026-08-21,원재료 매입,D002,V002,전자세금계산서,TAX-202608-0288,합성고무 원재료 구매,1210,1260000,1180.0,126000,2110,1386000,,0,1260000,126000,1386000,포트폴리오용 합성 거래,0,없음,입력 가능
JV2026081289,2026-08-08,제품 판매,D006,C002,전자세금계산서,,방진부품 외상 판매,1130,9999000,,0,4110,9090000,2180.0,909000,9090000,909000,9999000,포트폴리오용 합성 거래,1,필수값 누락,검토 필요
JV2026081290,2026-08-07,공장 전기요금,D003,V006,전자세금계산서,TAX-202608-0290,생산1공장 전기요금,5150,4930000,1180.0,493000,2120,5423000,,0,4930000,493000,5423000,포트폴리오용 합성 거래,0,없음,입력 가능
JV2026081291,2026-08-28,제품 판매,D006,C002,전자세금계산서,TAX-202608-0291,자동차용 고무부품 외상 판매,1130,11011000,,0,4110,10010000,2180.0,1001000,10010000,1001000,11011000,포트폴리오용 합성 거래,0,없음,입력 가능
JV2026081292,2026-08-28,운송비,D007,V005,전자세금계산서,TAX-202608-0292,원재료 입고 운송비,5140,730000,1180.0,73000,2120,803000,,0,730000,73000,803000,포트폴리오용 합성 거래,0,없음,입력 가능
JV2026081293,2026-08-21,경영서비스 수수료,D001,V008,전자세금계산서,TAX-202608-0293,업무 시스템 자문료,5160,850000,1180.0,85000,2120,935000,,0,850000,85000,935000,포트폴리오용 합성 거래,0,없음,입력 가능
JV2026081294,2026-08-11,제품 판매,D006,C001,전자세금계산서,TAX-202608-0294,자동차용 고무부품 외상 판매,1130,17809000,,0,4110,16190000,2180.0,1619000,16190000,1619000,17809000,포트폴리오용 합성 거래,0,없음,입력 가능
JV2026081295,2026-08-07,산업용 소모품 구매,D003,V004,법인카드,TAX-202608-0295,제품 포장재 구매,5130,630000,1180.0,63000,2110,693000,,0,630000,63000,693000,포트폴리오용 합성 거래,0,없음,입력 가능
JV2026081296,2026-08-24,운송비,D007,V005,전자세금계산서,TAX-202608-0296,긴급 납품 운송비,5140,880000,1180.0,88000,2120,968000,,0,880000,88000,968000,포트폴리오용 합성 거래,0,없음,입력 가능
JV2026081297,2026-08-04,운송비,D007,V005,전자세금계산서,TAX-202608-0297,원재료 입고 운송비,5140,1000000,1180.0,100000,2120,1100000,,0,1000000,100000,1100000,포트폴리오용 합성 거래,0,없음,입력 가능
JV2026081298,2026-08-11,운송비,D007,V005,전자세금계산서,TAX-202608-0298,제품 납품 운송비,5140,920000,1180.0,92000,2120,1012000,,0,920000,92000,1012000,포트폴리오용 합성 거래,0,없음,입력 가능
JV2026081299,2026-08-25,원재료 매입,D002,V001,전자세금계산서,TAX-202608-0299,고무 원재료 외상 매입,1210,1600000,1180.0,160000,2110,1760000,,0,1600000,160000,1760000,포트폴리오용 합성 거래,0,없음,입력 가능
JV2026081300,2026-08-25,생산설비 구매,D002,V007,전자세금계산서,TAX-202608-0300,품질검사 설비 구매,1510,20620000,1180.0,2062000,2120,22682000,,0,20620000,2062000,22682000,포트폴리오용 합성 거래,0,없음,입력 가능
JV2026081301,2026-08-12,원재료 매입,D002,V002,전자세금계산서,TAX-202608-0301,고무 원재료 외상 매입,1210,2710000,1180.0,271000,2110,2981000,,0,2710000,271000,2981000,포트폴리오용 합성 거래,0,없음,입력 가능
JV2026081302,2026-08-12,제품 판매,D006,C002,전자세금계산서,TAX-202608-0302,자동차용 씰링부품 외상 판매,1130,6314000,,0,4110,5740000,2180.0,574000,5740000,574000,6314000,포트폴리오용 합성 거래,0,없음,입력 가능
JV2026081303,2026-08-29,산업용 소모품 구매,D005,V003,법인카드,CARD-202608-0303,생산 작업용 장갑 구매,5130,260000,1180.0,26000,2140,286000,,0,260000,26000,286000,포트폴리오용 합성 거래,0,없음,입력 가능
JV2026081304,2026-09-05,제품 판매,D006,C003,전자세금계산서,TAX-202608-0304,자동차용 고무부품 외상 판매,1130,3421000,,0,4110,3110000,2180.0,311000,3110000,311000,3421000,포트폴리오용 합성 거래,1,회계기간 이탈,검토 필요
JV2026081305,2026-08-08,운송비,D007,V005,전자세금계산서,TAX-202608-0305,긴급 납품 운송비,5140,1000000,1180.0,100000,2120,1100000,,0,1000000,100000,1100000,포트폴리오용 합성 거래,0,없음,입력 가능
JV2026081306,2026-08-16,생산설비 구매,D002,V007,전자세금계산서,TAX-202608-0306,품질검사 설비 구매,1510,17090000,1180.0,1709000,2120,18799000,,0,17090000,1709000,18799000,포트폴리오용 합성 거래,0,없음,입력 가능
JV2026081307,2026-08-12,제품 판매,D006,C002,전자세금계산서,TAX-202608-0307,자동차용 고무부품 외상 판매,1130,21758000,,0,4110,19780000,2180.0,1978000,19780000,1978000,21758000,포트폴리오용 합성 거래,0,없음,입력 가능
JV2026081308,2026-08-13,생산설비 구매,D002,V007,전자세금계산서,TAX-202608-0308,생산설비 구매,1510,25610000,1180.0,2561000,2120,28171000,,0,25610000,2561000,28171000,포트폴리오용 합성 거래,0,없음,입력 가능
JV2026081309,2026-08-17,원재료 매입,D002,V002,전자세금계산서,TAX-202608-0309,자동차부품용 소재 매입,1210,1850000,1180.0,185000,2110,2035000,,0,1850000,185000,2035000,포트폴리오용 합성 거래,0,없음,입력 가능
JV2026081310,2026-08-21,제품 판매,D006,C002,전자세금계산서,TAX-202608-0310,방진부품 외상 판매,1130,20262000,,0,4110,18420000,2180.0,1842000,18420000,1842000,20262000,포트폴리오용 합성 거래,0,없음,입력 가능
JV2026081311,2026-08-27,원재료 매입,D002,V002,전자세금계산서,TAX-202608-0311,합성고무 원재료 구매,1210,5760000,1180.0,576000,2110,6336000,,0,5760000,576000,6336000,포트폴리오용 합성 거래,0,없음,입력 가능
JV2026081312,2026-08-20,운송비,D007,V005,전자세금계산서,TAX-202608-0312,원재료 입고 운송비,5140,1220000,1180.0,122000,2120,1342000,,0,1220000,122000,1342000,포트폴리오용 합성 거래,0,없음,입력 가능
JV2026081313,2026-08-12,원재료 매입,D002,V001,전자세금계산서,TAX-202608-0313,자동차부품용 소재 매입,1210,2870000,1180.0,287000,2110,3157000,,0,2870000,287000,3157000,포트폴리오용 합성 거래,0,없음,입력 가능
JV2026081314,2026-08-05,운송비,D007,V005,전자세금계산서,TAX-202608-0314,긴급 납품 운송비,5140,1270000,1180.0,127000,2120,1397000,,0,1270000,127000,1397000,포트폴리오용 합성 거래,0,없음,입력 가능
JV2026081315,2026-08-04,공장 전기요금,D004,V006,전자세금계산서,TAX-202608-0315,생산1공장 전기요금,5150,4480000,1180.0,448000,2120,4928000,,0,4480000,458000,4928000,포트폴리오용 합성 거래,1,부가세 계산 오류,검토 필요
JV2026081316,2026-08-18,생산설비 구매,D002,V007,전자세금계산서,TAX-202608-0316,생산설비 구매,1510,42320000,1180.0,4232000,2120,46552000,,0,42320000,4232000,46552000,포트폴리오용 합성 거래,0,없음,입력 가능
JV2026081317,2026-08-30,제품 판매,D006,C002,전자세금계산서,TAX-202608-0317,고무호스 제품 외상 판매,1130,19503000,,0,4110,17730000,2180.0,1773000,17730000,1773000,19503000,포트폴리오용 합성 거래,0,없음,입력 가능
JV2026081318,2026-08-30,원재료 매입,D002,V002,전자세금계산서,TAX-202608-0318,합성고무 원재료 구매,1210,3500000,1180.0,350000,2110,3850000,,0,3500000,350000,3850000,포트폴리오용 합성 거래,0,없음,입력 가능
JV2026081319,2026-08-03,제품 판매,D006,C001,전자세금계산서,TAX-202608-0319,자동차용 씰링부품 외상 판매,1130,14982000,,0,4110,13620000,2180.0,1362000,13620000,1362000,14982000,포트폴리오용 합성 거래,0,없음,입력 가능
JV2026081320,2026-08-17,원재료 매입,D002,V001,전자세금계산서,TAX-202608-0320,합성고무 원재료 구매,1210,5760000,1180.0,576000,2110,6336000,,0,5760000,576000,6336000,포트폴리오용 합성 거래,0,없음,입력 가능
JV2026081321,2026-08-16,원재료 매입,D002,V002,전자세금계산서,TAX-202608-0321,고무 원재료 외상 매입,1210,5390000,1180.0,539000,2110,5929000,,0,5390000,539000,5929000,포트폴리오용 합성 거래,0,없음,입력 가능
JV2026081322,2026-08-30,원재료 매입,D002,V001,전자세금계산서,TAX-202608-0322,합성고무 원재료 구매,1210,4580000,1180.0,458000,2110,5038000,,0,4580000,468000,5038000,포트폴리오용 합성 거래,1,부가세 계산 오류,검토 필요
JV2026081323,2026-08-30,운송비,D007,V005,전자세금계산서,TAX-202608-0323,제품 납품 운송비,5140,220000,1180.0,22000,2120,242000,,0,220000,22000,242000,포트폴리오용 합성 거래,0,없음,입력 가능
JV2026081324,2026-08-18,운송비,D007,V005,전자세금계산서,TAX-202608-0324,원재료 입고 운송비,5140,870000,1180.0,87000,2120,957000,,0,870000,87000,957000,포트폴리오용 합성 거래,0,없음,입력 가능
JV2026081325,2026-08-25,경영서비스 수수료,D001,V008,전자세금계산서,TAX-202608-0325,회계 자문 수수료,5160,2250000,1180.0,225000,2120,2475000,,0,2250000,225000,2475000,포트폴리오용 합성 거래,0,없음,입력 가능
JV2026081326,2026-08-09,원재료 매입,D002,V002,전자세금계산서,TAX-202608-0326,자동차부품용 소재 매입,1210,4980000,1180.0,498000,2110,5478000,,0,4980000,498000,5478000,포트폴리오용 합성 거래,0,없음,입력 가능
JV2026081327,2026-08-27,산업용 소모품 구매,D007,V004,법인카드,TAX-202608-0327,현장 안전용품 구매,5130,460000,1180.0,46000,2110,506000,,0,460000,46000,506000,포트폴리오용 합성 거래,0,없음,입력 가능
JV2026081328,2026-08-06,제품 판매,D006,C003,전자세금계산서,TAX-202608-0328,고무호스 제품 외상 판매,1130,12166000,,0,4110,11060000,2180.0,1106000,11060000,1106000,12166000,포트폴리오용 합성 거래,0,없음,입력 가능
JV2026081329,2026-08-11,제품 판매,D006,C002,전자세금계산서,TAX-202608-0329,고무호스 제품 외상 판매,1130,15235000,,0,4110,13850000,2180.0,1385000,13850000,1385000,15235000,포트폴리오용 합성 거래,0,없음,입력 가능
JV2026081330,2026-08-20,공장 전기요금,D003,V006,전자세금계산서,CARD-202608-0001,공장 설비 전력 사용료,5150,3590000,1180.0,359000,2120,3949000,,0,3590000,359000,3949000,포트폴리오용 합성 거래,1,증빙번호 중복,검토 필요
JV2026081331,2026-08-31,원재료 매입,D002,V002,전자세금계산서,TAX-202608-0331,고무 원재료 외상 매입,1210,4090000,1180.0,409000,2110,4499000,,0,4090000,409000,4499000,포트폴리오용 합성 거래,0,없음,입력 가능
JV2026081332,2026-08-10,공장 전기요금,D003,V006,전자세금계산서,TAX-202608-0332,생산2공장 전기요금,5150,2060000,1180.0,206000,2120,2266000,,0,2060000,206000,2266000,포트폴리오용 합성 거래,0,없음,입력 가능
JV2026081333,2026-08-17,원재료 매입,D002,V002,전자세금계산서,TAX-202608-0333,고무 원재료 외상 매입,1210,6050000,1180.0,605000,2110,6655000,,0,6050000,605000,6655000,포트폴리오용 합성 거래,0,없음,입력 가능
JV2026081334,2026-08-05,제품 판매,D006,C002,전자세금계산서,TAX-202608-0334,자동차용 고무부품 외상 판매,1130,3883000,,0,4110,3530000,2180.0,353000,3530000,353000,3883000,포트폴리오용 합성 거래,0,없음,입력 가능
JV2026081335,2026-08-03,제품 판매,D006,C001,전자세금계산서,TAX-202608-0335,자동차용 고무부품 외상 판매,1130,14773000,,0,4110,13430000,2180.0,1343000,13430000,1343000,14773000,포트폴리오용 합성 거래,0,없음,입력 가능
JV2026081336,2026-08-10,제품 판매,D006,C001,전자세금계산서,TAX-202608-0336,방진부품 외상 판매,1130,7898000,,0,4110,7180000,2180.0,718000,7180000,718000,7898000,포트폴리오용 합성 거래,0,없음,입력 가능
JV2026081337,2026-08-24,제품 판매,D006,C002,전자세금계산서,TAX-202608-0337,자동차용 고무부품 외상 판매,1130,3322000,,0,4110,3020000,2180.0,302000,3020000,302000,3322000,포트폴리오용 합성 거래,0,없음,입력 가능
JV2026081338,2026-08-24,제품 판매,D006,C002,전자세금계산서,TAX-202608-0338,자동차용 고무부품 외상 판매,1130,13112000,,0,4110,11920000,2180.0,1192000,11920000,1192000,13112000,포트폴리오용 합성 거래,0,없음,입력 가능
JV2026081339,2026-08-04,운송비,D007,V005,전자세금계산서,TAX-202608-0339,제품 납품 운송비,5140,1200000,1180.0,120000,2120,1320000,,0,1200000,120000,1320000,포트폴리오용 합성 거래,0,없음,입력 가능
JV2026081340,2026-08-27,원재료 매입,D002,V001,전자세금계산서,TAX-202608-0340,자동차부품용 소재 매입,1210,6400000,1180.0,640000,2110,7040000,,0,6400000,640000,7040000,포트폴리오용 합성 거래,0,없음,입력 가능
JV2026081341,2026-08-12,제품 판매,D006,C001,전자세금계산서,TAX-202608-0341,자동차용 씰링부품 외상 판매,1130,5159000,,0,4110,4690000,2180.0,469000,4690000,469000,5159000,포트폴리오용 합성 거래,0,없음,입력 가능
JV2026081342,2026-08-05,제품 판매,D006,C004,전자세금계산서,TAX-202608-0342,자동차용 고무부품 외상 판매,1130,18898000,,0,4110,17180000,2180.0,1718000,17180000,1718000,18898000,포트폴리오용 합성 거래,0,없음,입력 가능
JV2026081343,2026-08-06,원재료 매입,D002,V002,전자세금계산서,TAX-202608-0343,자동차부품용 소재 매입,1210,4270000,1180.0,427000,2110,4697000,,0,4270000,427000,4697000,포트폴리오용 합성 거래,0,없음,입력 가능
JV2026081344,2026-08-18,생산설비 구매,D002,V007,전자세금계산서,TAX-202608-0344,품질검사 설비 구매,1510,14530000,1180.0,1453000,2120,15983000,,0,14530000,1453000,15983000,포트폴리오용 합성 거래,0,없음,입력 가능
JV2026081345,2026-08-28,제품 판매,D999,C004,전자세금계산서,TAX-202608-0345,자동차용 고무부품 외상 판매,1130,13992000,,0,4110,12720000,2180.0,1272000,12720000,1272000,13992000,포트폴리오용 합성 거래,1,존재하지 않는 부서,검토 필요
JV2026081346,2026-08-30,제품 판매,D006,C004,전자세금계산서,TAX-202608-0346,자동차용 고무부품 외상 판매,1130,7128000,,0,4110,6480000,2180.0,648000,6480000,648000,7128000,포트폴리오용 합성 거래,0,없음,입력 가능
JV2026081347,2026-08-08,제품 판매,D006,C003,전자세금계산서,TAX-202608-0347,고무호스 제품 외상 판매,1130,3729000,,0,4110,3390000,2180.0,339000,3390000,339000,3729000,포트폴리오용 합성 거래,0,없음,입력 가능
JV2026081348,2026-08-06,공장 전기요금,D003,V006,전자세금계산서,TAX-202608-0348,생산1공장 전기요금,5150,3150000,1180.0,315000,2120,3465000,,0,3150000,315000,3465000,포트폴리오용 합성 거래,0,없음,입력 가능
JV2026081349,2026-08-01,제품 판매,D006,C004,전자세금계산서,TAX-202608-0349,,1130,9570000,,0,4110,8700000,2180.0,870000,8700000,870000,9570000,포트폴리오용 합성 거래,1,필수값 누락,검토 필요
JV2026081350,2026-08-11,제품 판매,D006,C001,전자세금계산서,TAX-202608-0350,자동차용 고무부품 외상 판매,1130,9416000,,0,4110,8560000,2180.0,856000,8560000,856000,9416000,포트폴리오용 합성 거래,0,없음,입력 가능
JV2026081351,2026-08-04,생산설비 구매,D002,V007,전자세금계산서,TAX-202608-0351,품질검사 설비 구매,1510,11900000,1180.0,1190000,2120,13090000,,0,11900000,1190000,13090000,포트폴리오용 합성 거래,0,없음,입력 가능
JV2026081352,2026-08-05,생산설비 구매,D002,V007,전자세금계산서,TAX-202608-0352,공정 자동화 장비 구매,1510,48180000,1180.0,4818000,2120,52998000,,0,48180000,4818000,52998000,포트폴리오용 합성 거래,0,없음,입력 가능
JV2026081353,2026-08-31,제품 판매,D006,C001,전자세금계산서,TAX-202608-0353,방진부품 외상 판매,1130,9184000,,0,4110,8340000,2180.0,834000,8340000,834000,9174000,포트폴리오용 합성 거래,1,차변·대변 불일치,검토 필요
JV2026081354,2026-08-21,원재료 매입,D002,V002,전자세금계산서,TAX-202608-0354,자동차부품용 소재 매입,1210,7690000,1180.0,769000,2110,8459000,,0,7690000,769000,8459000,포트폴리오용 합성 거래,0,없음,입력 가능
JV2026081355,2026-08-02,제품 판매,D006,C002,전자세금계산서,TAX-202608-0355,고무호스 제품 외상 판매,1130,9768000,,0,4110,8880000,2180.0,888000,8880000,888000,9768000,포트폴리오용 합성 거래,0,없음,입력 가능
JV2026081356,2026-08-02,운송비,D007,V005,전자세금계산서,TAX-202608-0356,긴급 납품 운송비,5140,320000,1180.0,32000,2120,352000,,0,320000,32000,352000,포트폴리오용 합성 거래,0,없음,입력 가능
JV2026081357,2026-08-17,공장 전기요금,D003,V006,전자세금계산서,TAX-202608-0357,생산1공장 전기요금,5150,4590000,1180.0,459000,2120,5049000,,0,4590000,459000,5049000,포트폴리오용 합성 거래,0,없음,입력 가능
JV2026081358,2026-08-03,원재료 매입,D002,V002,전자세금계산서,TAX-202608-0358,고무 원재료 외상 매입,1210,4250000,1180.0,425000,2110,4675000,,0,4250000,425000,4675000,포트폴리오용 합성 거래,0,없음,입력 가능
JV2026081359,2026-08-09,원재료 매입,D002,V001,전자세금계산서,TAX-202608-0359,합성고무 원재료 구매,1210,3230000,1180.0,323000,2110,3553000,,0,3230000,323000,3553000,포트폴리오용 합성 거래,0,없음,입력 가능
JV2026081360,2026-08-15,제품 판매,D006,C004,전자세금계산서,TAX-202608-0360,고무호스 제품 외상 판매,1130,16995000,,0,4110,15450000,2180.0,1545000,15450000,1545000,16995000,포트폴리오용 합성 거래,0,없음,입력 가능
JV2026081361,2026-08-20,제품 판매,D006,C002,전자세금계산서,TAX-202608-0361,고무호스 제품 외상 판매,1130,8613000,,0,4110,7830000,2180.0,783000,7830000,783000,8613000,포트폴리오용 합성 거래,0,없음,입력 가능
JV2026081362,2026-08-12,원재료 매입,D002,V001,전자세금계산서,TAX-202608-0362,고무 원재료 외상 매입,1210,5000000,1180.0,500000,2110,5500000,,0,5000000,500000,5500000,포트폴리오용 합성 거래,0,없음,입력 가능
JV2026081363,2026-08-26,공장 전기요금,D003,V006,전자세금계산서,TAX-202608-0363,생산2공장 전기요금,5150,2190000,1180.0,219000,2120,2409000,,0,2190000,219000,2409000,포트폴리오용 합성 거래,0,없음,입력 가능
JV2026081364,2026-08-15,원재료 매입,D002,V002,전자세금계산서,TAX-202608-0364,합성고무 원재료 구매,1210,3840000,1180.0,384000,2110,4224000,,0,3840000,384000,4224000,포트폴리오용 합성 거래,0,없음,입력 가능
JV2026081365,2026-08-29,산업용 소모품 구매,D005,V003,법인카드,CARD-202608-0365,현장 안전용품 구매,5130,850000,1180.0,85000,2140,935000,,0,850000,85000,935000,포트폴리오용 합성 거래,0,없음,입력 가능
JV2026081366,2026-08-06,원재료 매입,D002,V001,전자세금계산서,TAX-202608-0366,고무 원재료 외상 매입,1210,1780000,1180.0,178000,2110,1958000,,0,1780000,178000,1958000,포트폴리오용 합성 거래,0,없음,입력 가능
JV2026081367,2026-08-23,제품 판매,D006,C003,전자세금계산서,TAX-202608-0367,자동차용 씰링부품 외상 판매,1130,20471000,,0,4110,18610000,2180.0,1861000,18610000,1861000,20471000,포트폴리오용 합성 거래,0,없음,입력 가능
JV2026081368,2026-08-04,원재료 매입,D002,V002,전자세금계산서,TAX-202608-0368,고무 원재료 외상 매입,1210,1980000,1180.0,198000,2110,2178000,,0,1980000,198000,2178000,포트폴리오용 합성 거래,0,없음,입력 가능
JV2026081369,2026-08-15,운송비,D007,V005,전자세금계산서,TAX-202608-0369,긴급 납품 운송비,5140,1380000,1180.0,138000,2120,1518000,,0,1380000,138000,1518000,포트폴리오용 합성 거래,0,없음,입력 가능
JV2026081370,2026-08-02,제품 판매,D006,C003,전자세금계산서,TAX-202608-0370,고무호스 제품 외상 판매,1130,14003000,,0,4110,12730000,2180.0,1273000,12730000,1273000,14003000,포트폴리오용 합성 거래,0,없음,입력 가능
JV2026081371,2026-08-03,원재료 매입,D002,V001,전자세금계산서,TAX-202608-0371,자동차부품용 소재 매입,1210,4810000,1180.0,481000,2110,5291000,,0,4810000,481000,5291000,포트폴리오용 합성 거래,0,없음,입력 가능
JV2026081372,2026-08-21,원재료 매입,D002,V002,전자세금계산서,TAX-202608-0372,고무 원재료 외상 매입,1210,4020000,1180.0,402000,2110,4422000,,0,4020000,402000,4412000,포트폴리오용 합성 거래,1,전표 합계 불일치,검토 필요
JV2026081373,2026-08-19,산업용 소모품 구매,D007,V003,법인카드,CARD-202608-0373,,5130,660000,1180.0,66000,2140,726000,,0,660000,66000,726000,포트폴리오용 합성 거래,1,필수값 누락,검토 필요
JV2026081374,2026-08-28,산업용 소모품 구매,D003,V999,법인카드,CARD-202608-0374,검사용 소모품 구매,5130,470000,1180.0,47000,2140,517000,,0,470000,47000,517000,포트폴리오용 합성 거래,1,존재하지 않는 거래처,검토 필요
JV2026081375,2026-08-17,원재료 매입,D002,V001,전자세금계산서,TAX-202608-0375,자동차부품용 소재 매입,1210,6230000,1180.0,623000,2110,6853000,,0,6230000,623000,6853000,포트폴리오용 합성 거래,0,없음,입력 가능
JV2026081376,2026-08-08,공장 전기요금,D004,V006,전자세금계산서,TAX-202608-0376,공장 설비 전력 사용료,5150,1590000,1180.0,159000,2120,1749000,,0,1590000,159000,1749000,포트폴리오용 합성 거래,0,없음,입력 가능
JV2026081377,2026-08-21,원재료 매입,D002,V001,전자세금계산서,TAX-202608-0377,고무 원재료 외상 매입,1210,6190000,1180.0,619000,2110,6809000,,0,6190000,619000,6809000,포트폴리오용 합성 거래,0,없음,입력 가능
JV2026081378,2026-08-20,제품 판매,D006,C002,전자세금계산서,TAX-202608-0378,자동차용 씰링부품 외상 판매,1130,5478000,,0,4110,4980000,2180.0,498000,4980000,498000,5478000,포트폴리오용 합성 거래,0,없음,입력 가능
JV2026081379,2026-08-24,공장 전기요금,D004,V006,전자세금계산서,TAX-202608-0379,생산1공장 전기요금,5150,4150000,1180.0,415000,2120,4565000,,0,4150000,415000,4565000,포트폴리오용 합성 거래,0,없음,입력 가능
JV2026081380,2026-08-15,제품 판매,D006,C004,전자세금계산서,TAX-202608-0380,자동차용 씰링부품 외상 판매,1130,16236000,,0,4110,14760000,2180.0,1476000,14760000,1476000,16236000,포트폴리오용 합성 거래,0,없음,입력 가능
JV2026081381,2026-08-30,원재료 매입,D002,V001,전자세금계산서,TAX-202608-0381,고무 원재료 외상 매입,1210,3350000,1180.0,335000,2110,3685000,,0,3350000,335000,3685000,포트폴리오용 합성 거래,0,없음,입력 가능
JV2026081382,2026-08-16,원재료 매입,D002,V001,전자세금계산서,TAX-202608-0382,합성고무 원재료 구매,1210,6000000,1180.0,600000,2110,6600000,,0,6000000,600000,6600000,포트폴리오용 합성 거래,0,없음,입력 가능
JV2026081383,2026-08-13,원재료 매입,D002,V002,전자세금계산서,TAX-202608-0383,자동차부품용 소재 매입,1210,1710000,1180.0,171000,2110,1881000,,0,1710000,171000,1881000,포트폴리오용 합성 거래,0,없음,입력 가능
JV2026081384,2026-08-18,운송비,D007,V005,전자세금계산서,TAX-202608-0384,원재료 입고 운송비,5140,1290000,1180.0,129000,2120,1419000,,0,1290000,129000,1419000,포트폴리오용 합성 거래,0,없음,입력 가능
JV2026081385,2026-08-11,제품 판매,D006,C002,전자세금계산서,TAX-202608-0385,고무호스 제품 외상 판매,1130,17864000,,0,4110,16240000,2180.0,1624000,16240000,1624000,17864000,포트폴리오용 합성 거래,0,없음,입력 가능
JV2026081386,2026-08-09,제품 판매,D006,C004,전자세금계산서,TAX-202608-0386,자동차용 씰링부품 외상 판매,1130,18865000,,0,4110,17150000,2180.0,1715000,17150000,1715000,18865000,포트폴리오용 합성 거래,0,없음,입력 가능
JV2026081387,2026-08-24,경영서비스 수수료,D001,V008,전자세금계산서,TAX-202608-0387,업무 시스템 자문료,5160,900000,1180.0,90000,2120,990000,,0,900000,90000,990000,포트폴리오용 합성 거래,0,없음,입력 가능
JV2026081388,2026-08-15,원재료 매입,D002,V001,전자세금계산서,TAX-202608-0388,합성고무 원재료 구매,1210,6910000,1180.0,691000,2110,7601000,,0,6910000,691000,7601000,포트폴리오용 합성 거래,0,없음,입력 가능
JV2026081389,2026-08-10,운송비,D007,V005,전자세금계산서,TAX-202608-0389,제품 납품 운송비,5140,1160000,1180.0,116000,2120,1276000,,0,1160000,116000,1276000,포트폴리오용 합성 거래,0,없음,입력 가능
JV2026081390,2026-08-09,운송비,D007,V005,전자세금계산서,TAX-202608-0390,제품 납품 운송비,5140,960000,1180.0,96000,2120,1056000,,0,960000,96000,1056000,포트폴리오용 합성 거래,0,없음,입력 가능
JV2026081391,2026-08-02,원재료 매입,D002,V002,전자세금계산서,TAX-202608-0391,자동차부품용 소재 매입,1210,2650000,1180.0,265000,2110,2915000,,0,2650000,265000,2915000,포트폴리오용 합성 거래,0,없음,입력 가능
JV2026081392,2026-08-18,공장 전기요금,D004,V006,전자세금계산서,TAX-202608-0392,생산2공장 전기요금,5150,2420000,1180.0,242000,2120,2662000,,0,2420000,242000,2662000,포트폴리오용 합성 거래,0,없음,입력 가능
JV2026081393,2026-08-08,원재료 매입,D002,V001,전자세금계산서,TAX-202608-0393,고무 원재료 외상 매입,1210,4160000,1180.0,416000,2110,4576000,,0,4160000,416000,4576000,포트폴리오용 합성 거래,0,없음,입력 가능
JV2026081394,2026-08-09,경영서비스 수수료,D001,V008,전자세금계산서,TAX-202608-0394,경영관리 서비스 비용,5160,550000,1180.0,55000,2120,605000,,0,550000,55000,605000,포트폴리오용 합성 거래,0,없음,입력 가능
JV2026081395,2026-08-18,공장 전기요금,D003,V006,전자세금계산서,TAX-202608-0395,생산1공장 전기요금,5150,3030000,1180.0,303000,2120,3333000,,0,3030000,303000,3333000,포트폴리오용 합성 거래,0,없음,입력 가능
JV2026081396,2026-08-30,제품 판매,D006,C002,전자세금계산서,TAX-202608-0396,고무호스 제품 외상 판매,1130,15477000,,0,4110,14070000,2180.0,1407000,14070000,1407000,15477000,포트폴리오용 합성 거래,0,없음,입력 가능
JV2026081397,2026-08-11,산업용 소모품 구매,D005,V003,법인카드,CARD-202608-0397,제품 포장재 구매,5130,930000,1180.0,93000,2140,1023000,,0,930000,93000,1023000,포트폴리오용 합성 거래,0,없음,입력 가능
JV2026081398,2026-08-22,공장 전기요금,D004,V006,전자세금계산서,TAX-202608-0398,생산2공장 전기요금,5150,4820000,1180.0,482000,2120,5302000,,0,4820000,482000,5302000,포트폴리오용 합성 거래,0,없음,입력 가능
JV2026081399,2026-08-14,공장 전기요금,D003,V006,전자세금계산서,CARD-202608-0001,생산2공장 전기요금,5150,1110000,1180.0,111000,2120,1221000,,0,1110000,111000,1221000,포트폴리오용 합성 거래,1,증빙번호 중복,검토 필요
JV2026081400,2026-08-13,원재료 매입,D002,V001,전자세금계산서,TAX-202608-0400,고무 원재료 외상 매입,1210,3420000,1180.0,342000,2110,3762000,,0,3420000,342000,3762000,포트폴리오용 합성 거래,0,없음,입력 가능
JV2026081401,2026-08-04,원재료 매입,D002,V001,전자세금계산서,TAX-202608-0401,합성고무 원재료 구매,1210,7840000,1180.0,784000,2110,8624000,,0,7840000,784000,8624000,포트폴리오용 합성 거래,0,없음,입력 가능
JV2026081402,2026-08-23,원재료 매입,D002,V001,전자세금계산서,TAX-202608-0402,고무 원재료 외상 매입,1210,3870000,1180.0,387000,2110,4257000,,0,3870000,387000,4257000,포트폴리오용 합성 거래,0,없음,입력 가능
JV2026081403,2026-08-06,운송비,D007,V005,전자세금계산서,TAX-202608-0403,원재료 입고 운송비,5140,560000,1180.0,56000,2120,616000,,0,560000,56000,616000,포트폴리오용 합성 거래,0,없음,입력 가능
JV2026081404,2026-08-03,제품 판매,D006,C001,전자세금계산서,TAX-202608-0404,방진부품 외상 판매,1130,13453000,,0,4110,12230000,2180.0,1223000,12230000,1223000,13453000,포트폴리오용 합성 거래,0,없음,입력 가능
JV2026081405,2026-08-29,원재료 매입,D002,V001,전자세금계산서,TAX-202608-0405,고무 원재료 외상 매입,1210,3060000,1180.0,306000,2110,3366000,,0,3060000,306000,3366000,포트폴리오용 합성 거래,0,없음,입력 가능
JV2026081406,2026-08-30,원재료 매입,D002,V002,전자세금계산서,TAX-202608-0406,고무 원재료 외상 매입,1210,2580000,1180.0,258000,2110,2838000,,0,2580000,258000,2838000,포트폴리오용 합성 거래,0,없음,입력 가능
JV2026081407,2026-08-04,산업용 소모품 구매,D007,V004,법인카드,TAX-202608-0407,생산 작업용 장갑 구매,5130,290000,1180.0,29000,2110,319000,,0,290000,29000,319000,포트폴리오용 합성 거래,0,없음,입력 가능
JV2026081408,2026-08-17,운송비,D007,V005,전자세금계산서,TAX-202608-0408,원재료 입고 운송비,5140,1150000,1180.0,115000,2120,1265000,,0,1150000,115000,1265000,포트폴리오용 합성 거래,0,없음,입력 가능
JV2026081409,2026-08-02,공장 전기요금,D004,V006,전자세금계산서,TAX-202608-0409,,5150,3270000,1180.0,327000,2120,3597000,,0,3270000,327000,3597000,포트폴리오용 합성 거래,1,필수값 누락,검토 필요
JV2026081410,2026-08-06,제품 판매,D006,C002,전자세금계산서,TAX-202608-0410,고무호스 제품 외상 판매,1130,6534000,,0,4110,5940000,2180.0,594000,5940000,594000,6534000,포트폴리오용 합성 거래,0,없음,입력 가능
JV2026081411,2026-08-22,원재료 매입,D002,V001,전자세금계산서,TAX-202608-0411,합성고무 원재료 구매,1210,7360000,1180.0,736000,2110,8096000,,0,7360000,736000,8096000,포트폴리오용 합성 거래,0,없음,입력 가능
JV2026081412,2026-08-08,원재료 매입,D002,V001,전자세금계산서,TAX-202608-0412,합성고무 원재료 구매,1210,1200000,1180.0,120000,2110,1320000,,0,1200000,120000,1320000,포트폴리오용 합성 거래,0,없음,입력 가능
JV2026081413,2026-08-26,경영서비스 수수료,D001,V008,전자세금계산서,TAX-202608-0413,업무 시스템 자문료,5160,570000,1180.0,57000,2120,627000,,0,570000,57000,627000,포트폴리오용 합성 거래,0,없음,입력 가능
JV2026081414,2026-08-12,산업용 소모품 구매,D005,V004,법인카드,TAX-202608-0414,검사용 소모품 구매,5130,230000,1180.0,23000,2110,253000,,0,230000,23000,253000,포트폴리오용 합성 거래,0,없음,입력 가능
JV2026081415,2026-08-05,제품 판매,D006,C003,전자세금계산서,TAX-202608-0415,자동차용 고무부품 외상 판매,1130,14344000,,0,4110,13040000,2180.0,1304000,13040000,1304000,14344000,포트폴리오용 합성 거래,0,없음,입력 가능
JV2026081416,2026-08-15,산업용 소모품 구매,D007,V004,법인카드,TAX-202608-0416,생산 작업용 장갑 구매,5130,230000,1180.0,23000,2110,253000,,0,230000,23000,253000,포트폴리오용 합성 거래,0,없음,입력 가능
JV2026081417,2026-08-20,운송비,D007,V005,전자세금계산서,TAX-202608-0417,제품 납품 운송비,5140,1490000,1180.0,149000,2120,1639000,,0,1490000,149000,1639000,포트폴리오용 합성 거래,0,없음,입력 가능
JV2026081418,2026-08-25,원재료 매입,D002,V001,전자세금계산서,TAX-202608-0418,자동차부품용 소재 매입,1210,1270000,1180.0,127000,2110,1397000,,0,1270000,127000,1397000,포트폴리오용 합성 거래,0,없음,입력 가능
JV2026081419,2026-08-31,원재료 매입,D002,V001,전자세금계산서,TAX-202608-0419,고무 원재료 외상 매입,1210,5480000,1180.0,548000,2110,6028000,,0,5480000,548000,6028000,포트폴리오용 합성 거래,0,없음,입력 가능
JV2026081420,2026-08-13,제품 판매,D006,C004,전자세금계산서,TAX-202608-0420,고무호스 제품 외상 판매,1130,13398000,,0,4110,12180000,2180.0,1218000,12180000,1218000,13398000,포트폴리오용 합성 거래,0,없음,입력 가능
JV2026081421,2026-08-10,운송비,D007,V005,전자세금계산서,TAX-202608-0421,긴급 납품 운송비,5140,1370000,1180.0,137000,2120,1507000,,0,1370000,137000,1507000,포트폴리오용 합성 거래,0,없음,입력 가능
JV2026081422,2026-08-10,원재료 매입,D002,V002,전자세금계산서,TAX-202608-0422,고무 원재료 외상 매입,1210,4600000,1180.0,460000,2110,5060000,,0,4600000,460000,5060000,포트폴리오용 합성 거래,0,없음,입력 가능
JV2026081423,2026-08-12,산업용 소모품 구매,D007,V004,법인카드,TAX-202608-0423,제품 포장재 구매,5130,100000,1180.0,10000,2110,110000,,0,100000,10000,110000,포트폴리오용 합성 거래,0,없음,입력 가능
JV2026081424,2026-08-11,원재료 매입,D002,V002,전자세금계산서,TAX-202608-0424,고무 원재료 외상 매입,1210,7860000,1180.0,786000,2110,8646000,,0,7860000,786000,8646000,포트폴리오용 합성 거래,0,없음,입력 가능
JV2026081425,2026-08-17,생산설비 구매,D002,V007,전자세금계산서,TAX-202608-0425,생산설비 구매,1510,45680000,1180.0,4568000,2120,50248000,,0,45680000,4568000,50248000,포트폴리오용 합성 거래,0,없음,입력 가능
JV2026081426,2026-08-15,경영서비스 수수료,D001,V008,전자세금계산서,TAX-202608-0426,업무 시스템 자문료,5160,1830000,1180.0,183000,2120,2013000,,0,1830000,183000,2013000,포트폴리오용 합성 거래,0,없음,입력 가능
JV2026081427,2026-08-14,원재료 매입,D002,V001,전자세금계산서,TAX-202608-0427,합성고무 원재료 구매,1210,7410000,1180.0,741000,2110,8151000,,0,7410000,741000,8151000,포트폴리오용 합성 거래,0,없음,입력 가능
JV2026081428,2026-08-29,원재료 매입,D002,V001,전자세금계산서,TAX-202608-0428,합성고무 원재료 구매,1210,1000000,1180.0,100000,2110,1100000,,0,1000000,100000,1100000,포트폴리오용 합성 거래,0,없음,입력 가능
JV2026081429,2026-08-21,원재료 매입,D002,V002,전자세금계산서,TAX-202608-0429,고무 원재료 외상 매입,1210,1580000,1180.0,158000,2110,1738000,,0,1580000,158000,1738000,포트폴리오용 합성 거래,0,없음,입력 가능
JV2026081430,2026-08-12,산업용 소모품 구매,D005,V003,법인카드,CARD-202608-0430,검사용 소모품 구매,5130,290000,1180.0,29000,2140,319000,,0,290000,29000,319000,포트폴리오용 합성 거래,0,없음,입력 가능
JV2026081431,2026-08-11,제품 판매,D006,C004,전자세금계산서,TAX-202608-0431,방진부품 외상 판매,1130,4675000,,0,4110,4250000,2180.0,425000,4250000,425000,4675000,포트폴리오용 합성 거래,0,없음,입력 가능
JV2026081432,2026-08-25,제품 판매,D006,C002,전자세금계산서,TAX-202608-0432,자동차용 고무부품 외상 판매,1130,14982000,,0,4110,13620000,2180.0,1362000,13620000,1362000,14982000,포트폴리오용 합성 거래,0,없음,입력 가능
JV2026081433,2026-08-11,운송비,D007,V005,전자세금계산서,TAX-202608-0433,긴급 납품 운송비,5140,570000,1180.0,57000,2120,627000,,0,570000,57000,627000,포트폴리오용 합성 거래,0,없음,입력 가능
JV2026081434,2026-08-13,원재료 매입,D002,V002,전자세금계산서,TAX-202608-0434,합성고무 원재료 구매,1210,4070000,1180.0,407000,2110,4477000,,0,4070000,407000,4477000,포트폴리오용 합성 거래,0,없음,입력 가능
JV2026081435,2026-08-28,경영서비스 수수료,D001,V008,전자세금계산서,TAX-202608-0435,경영관리 서비스 비용,5160,1680000,1180.0,168000,2120,1848000,,0,1680000,168000,1848000,포트폴리오용 합성 거래,0,없음,입력 가능
JV2026081436,2026-08-23,원재료 매입,D002,V001,전자세금계산서,TAX-202608-0436,고무 원재료 외상 매입,1210,7680000,1180.0,768000,2110,8448000,,0,7680000,768000,8448000,포트폴리오용 합성 거래,0,없음,입력 가능
JV2026081437,2026-08-15,산업용 소모품 구매,D005,V003,법인카드,CARD-202608-0437,검사용 소모품 구매,5130,430000,1180.0,43000,2140,473000,,0,430000,43000,473000,포트폴리오용 합성 거래,0,없음,입력 가능
JV2026081438,2026-08-26,생산설비 구매,D002,V007,전자세금계산서,TAX-202608-0438,공정 자동화 장비 구매,1510,34740000,1180.0,3474000,2120,38214000,,0,34740000,3474000,38214000,포트폴리오용 합성 거래,0,없음,입력 가능
JV2026081439,2026-08-18,생산설비 구매,D002,V007,전자세금계산서,TAX-202608-0439,품질검사 설비 구매,1510,42160000,1180.0,4216000,2120,46376000,,0,42160000,4216000,46376000,포트폴리오용 합성 거래,0,없음,입력 가능
JV2026081440,2026-08-17,제품 판매,D006,C003,전자세금계산서,TAX-202608-0440,고무호스 제품 외상 판매,1130,9757000,,0,4110,8870000,2180.0,887000,8870000,887000,9757000,포트폴리오용 합성 거래,0,없음,입력 가능
JV2026081441,2026-08-04,원재료 매입,D999,V001,전자세금계산서,TAX-202608-0441,합성고무 원재료 구매,1210,1000000,1180.0,100000,2110,1100000,,0,1000000,100000,1100000,포트폴리오용 합성 거래,1,존재하지 않는 부서,검토 필요
JV2026081442,2026-08-21,원재료 매입,D002,V002,전자세금계산서,TAX-202608-0442,합성고무 원재료 구매,1210,4030000,1180.0,403000,2110,4433000,,0,4030000,403000,4433000,포트폴리오용 합성 거래,0,없음,입력 가능
JV2026081443,2026-08-30,생산설비 구매,D002,V007,전자세금계산서,TAX-202608-0443,품질검사 설비 구매,1510,42910000,1180.0,4291000,2120,47201000,,0,42910000,4291000,47191000,포트폴리오용 합성 거래,1,전표 합계 불일치,검토 필요
JV2026081444,2026-08-31,원재료 매입,D002,V002,전자세금계산서,CARD-202608-0001,합성고무 원재료 구매,1210,6840000,1180.0,684000,2110,7524000,,0,6840000,684000,7524000,포트폴리오용 합성 거래,1,증빙번호 중복,검토 필요
JV2026081445,2026-08-13,제품 판매,D006,C001,전자세금계산서,TAX-202608-0445,고무호스 제품 외상 판매,1130,9724000,,0,4110,8840000,2180.0,884000,8840000,884000,9724000,포트폴리오용 합성 거래,0,없음,입력 가능
JV2026081446,2026-08-11,원재료 매입,D002,V001,전자세금계산서,TAX-202608-0446,고무 원재료 외상 매입,1210,4230000,1180.0,423000,2110,4653000,,0,4230000,423000,4653000,포트폴리오용 합성 거래,0,없음,입력 가능
JV2026081447,2026-08-14,생산설비 구매,D002,V007,전자세금계산서,TAX-202608-0447,품질검사 설비 구매,1510,26670000,1180.0,2667000,2120,29337000,,0,26670000,2667000,29337000,포트폴리오용 합성 거래,0,없음,입력 가능
JV2026081448,2026-08-02,생산설비 구매,D002,V007,전자세금계산서,TAX-202608-0448,품질검사 설비 구매,1510,46650000,1180.0,4665000,2120,51315000,,0,46650000,4665000,51315000,포트폴리오용 합성 거래,0,없음,입력 가능
JV2026081449,2026-08-13,제품 판매,D006,C003,전자세금계산서,TAX-202608-0449,방진부품 외상 판매,1130,18194000,,0,4110,16540000,2180.0,1654000,16540000,1654000,18194000,포트폴리오용 합성 거래,0,없음,입력 가능
JV2026081450,2026-08-25,산업용 소모품 구매,D004,V004,법인카드,TAX-202608-0450,제품 포장재 구매,5130,940000,1180.0,94000,2110,1034000,,0,940000,94000,1034000,포트폴리오용 합성 거래,0,없음,입력 가능
JV2026081451,2026-08-15,산업용 소모품 구매,D004,V004,법인카드,TAX-202608-0451,제품 포장재 구매,5130,300000,1180.0,30000,2110,330000,,0,300000,30000,330000,포트폴리오용 합성 거래,0,없음,입력 가능
JV2026081452,2026-08-17,산업용 소모품 구매,D003,V003,법인카드,CARD-202608-0452,생산 작업용 장갑 구매,5130,440000,1180.0,44000,2140,484000,,0,440000,44000,484000,포트폴리오용 합성 거래,0,없음,입력 가능
JV2026081453,2026-08-03,원재료 매입,D002,V002,전자세금계산서,TAX-202608-0453,자동차부품용 소재 매입,1210,7210000,1180.0,721000,2110,7931000,,0,7210000,721000,7931000,포트폴리오용 합성 거래,0,없음,입력 가능
JV2026081454,2026-08-09,공장 전기요금,D004,V006,전자세금계산서,TAX-202608-0454,생산2공장 전기요금,5150,1020000,1180.0,102000,2120,1122000,,0,1020000,102000,1122000,포트폴리오용 합성 거래,0,없음,입력 가능
JV2026081455,2026-08-06,운송비,D007,V005,전자세금계산서,TAX-202608-0455,원재료 입고 운송비,5140,1360000,1180.0,136000,2120,1496000,,0,1360000,136000,1496000,포트폴리오용 합성 거래,0,없음,입력 가능
JV2026081456,2026-08-05,제품 판매,D006,C001,전자세금계산서,TAX-202608-0456,고무호스 제품 외상 판매,1130,6633000,,0,4110,6030000,2180.0,603000,6030000,603000,6633000,포트폴리오용 합성 거래,0,없음,입력 가능
JV2026081457,2026-08-11,공장 전기요금,D004,V006,전자세금계산서,TAX-202608-0457,공장 설비 전력 사용료,5150,4420000,1180.0,442000,2120,4862000,,0,4420000,442000,4862000,포트폴리오용 합성 거래,0,없음,입력 가능
JV2026081458,2026-08-27,제품 판매,D006,C002,전자세금계산서,TAX-202608-0458,고무호스 제품 외상 판매,1130,7986000,,0,4110,7260000,2180.0,726000,7260000,726000,7986000,포트폴리오용 합성 거래,0,없음,입력 가능
JV2026081459,2026-08-23,원재료 매입,D002,V001,전자세금계산서,TAX-202608-0459,자동차부품용 소재 매입,1210,4350000,1180.0,435000,2110,4785000,,0,4350000,435000,4785000,포트폴리오용 합성 거래,0,없음,입력 가능
JV2026081460,2026-08-25,공장 전기요금,D004,V006,전자세금계산서,TAX-202608-0460,공장 설비 전력 사용료,5150,3910000,1180.0,391000,2120,4301000,,0,3910000,391000,4301000,포트폴리오용 합성 거래,0,없음,입력 가능
JV2026081461,2026-08-21,제품 판매,D006,C003,전자세금계산서,TAX-202608-0461,고무호스 제품 외상 판매,1130,4840000,,0,4110,4400000,2180.0,440000,4400000,450000,4840000,포트폴리오용 합성 거래,1,부가세 계산 오류,검토 필요
JV2026081462,2026-08-04,산업용 소모품 구매,D004,V004,법인카드,TAX-202608-0462,생산 작업용 장갑 구매,5130,610000,1180.0,61000,2110,671000,,0,610000,61000,671000,포트폴리오용 합성 거래,0,없음,입력 가능
JV2026081463,2026-08-15,생산설비 구매,D999,V007,전자세금계산서,TAX-202608-0463,생산설비 구매,1510,21790000,1180.0,2179000,2120,23969000,,0,21790000,2179000,23969000,포트폴리오용 합성 거래,1,존재하지 않는 부서,검토 필요
JV2026081464,2026-08-04,운송비,D007,V005,전자세금계산서,TAX-202608-0464,원재료 입고 운송비,5140,210000,1180.0,21000,2120,231000,,0,210000,21000,231000,포트폴리오용 합성 거래,0,없음,입력 가능
JV2026081465,2026-08-25,원재료 매입,D002,V002,전자세금계산서,TAX-202608-0465,합성고무 원재료 구매,1210,4490000,1180.0,449000,2110,4939000,,0,4490000,449000,4939000,포트폴리오용 합성 거래,0,없음,입력 가능
JV2026081466,2026-08-07,원재료 매입,D002,V001,전자세금계산서,TAX-202608-0466,합성고무 원재료 구매,1210,2580000,1180.0,258000,2110,2838000,,0,2580000,258000,2838000,포트폴리오용 합성 거래,0,없음,입력 가능
JV2026081467,2026-08-10,경영서비스 수수료,D001,V008,전자세금계산서,TAX-202608-0467,회계 자문 수수료,5160,2380000,1180.0,238000,2120,2618000,,0,2380000,238000,2618000,포트폴리오용 합성 거래,0,없음,입력 가능
JV2026081468,2026-08-07,원재료 매입,D002,V002,전자세금계산서,TAX-202608-0468,합성고무 원재료 구매,1210,4840000,1180.0,484000,2110,5324000,,0,4840000,484000,5324000,포트폴리오용 합성 거래,0,없음,입력 가능
JV2026081469,2026-08-27,산업용 소모품 구매,D004,V003,법인카드,CARD-202608-0469,제품 포장재 구매,5130,220000,1180.0,22000,2140,242000,,0,220000,22000,242000,포트폴리오용 합성 거래,0,없음,입력 가능
JV2026081470,2026-08-22,공장 전기요금,D004,V006,전자세금계산서,,생산1공장 전기요금,5150,3190000,1180.0,319000,2120,3509000,,0,3190000,319000,3509000,포트폴리오용 합성 거래,1,필수값 누락,검토 필요
JV2026081471,2026-08-10,원재료 매입,D002,V001,전자세금계산서,TAX-202608-0471,자동차부품용 소재 매입,1210,4770000,1180.0,477000,2110,5247000,,0,4770000,477000,5247000,포트폴리오용 합성 거래,0,없음,입력 가능
JV2026081472,2026-08-16,산업용 소모품 구매,D007,V004,법인카드,TAX-202608-0472,,5130,580000,1180.0,58000,2110,638000,,0,580000,58000,638000,포트폴리오용 합성 거래,1,필수값 누락,검토 필요
JV2026081473,2026-08-24,원재료 매입,D002,V001,전자세금계산서,TAX-202608-0473,합성고무 원재료 구매,1210,6300000,1180.0,630000,2110,6930000,,0,6300000,630000,6930000,포트폴리오용 합성 거래,0,없음,입력 가능
JV2026081474,2026-08-25,제품 판매,D006,C003,전자세금계산서,TAX-202608-0474,자동차용 씰링부품 외상 판매,1130,4895000,,0,4110,4450000,2180.0,445000,4450000,445000,4895000,포트폴리오용 합성 거래,0,없음,입력 가능
JV2026081475,2026-08-23,제품 판매,D006,C002,전자세금계산서,TAX-202608-0475,자동차용 고무부품 외상 판매,1130,5951000,,0,4110,5410000,2180.0,541000,5410000,541000,5951000,포트폴리오용 합성 거래,0,없음,입력 가능
JV2026081476,2026-08-12,원재료 매입,D002,V001,전자세금계산서,TAX-202608-0476,자동차부품용 소재 매입,1210,3250000,1180.0,325000,2110,3575000,,0,3250000,335000,3575000,포트폴리오용 합성 거래,1,부가세 계산 오류,검토 필요
JV2026081477,2026-08-17,운송비,D007,V005,전자세금계산서,TAX-202608-0477,제품 납품 운송비,5140,560000,1180.0,56000,2120,616000,,0,560000,56000,616000,포트폴리오용 합성 거래,0,없음,입력 가능
JV2026081478,2026-08-11,공장 전기요금,D004,V006,전자세금계산서,TAX-202608-0478,공장 설비 전력 사용료,5150,2370000,1180.0,237000,2120,2607000,,0,2370000,237000,2607000,포트폴리오용 합성 거래,0,없음,입력 가능
JV2026081479,2026-08-25,원재료 매입,D002,V001,전자세금계산서,TAX-202608-0479,고무 원재료 외상 매입,1210,3530000,1180.0,353000,2110,3883000,,0,3530000,353000,3883000,포트폴리오용 합성 거래,0,없음,입력 가능
JV2026081480,2026-08-07,원재료 매입,D002,V002,전자세금계산서,TAX-202608-0480,자동차부품용 소재 매입,1210,6960000,1180.0,696000,2110,7656000,,0,6960000,696000,7656000,포트폴리오용 합성 거래,0,없음,입력 가능
JV2026081481,2026-08-22,생산설비 구매,D002,V007,전자세금계산서,TAX-202608-0481,품질검사 설비 구매,1510,36840000,1180.0,3684000,2120,40524000,,0,36840000,3684000,40524000,포트폴리오용 합성 거래,0,없음,입력 가능
JV2026081482,2026-08-11,경영서비스 수수료,D001,V008,전자세금계산서,TAX-202608-0482,회계 자문 수수료,5160,2800000,1180.0,280000,2120,3080000,,0,2800000,280000,3080000,포트폴리오용 합성 거래,0,없음,입력 가능
JV2026081483,2026-08-26,산업용 소모품 구매,D005,V004,법인카드,TAX-202608-0483,현장 안전용품 구매,5130,510000,1180.0,51000,2110,561000,,0,510000,51000,561000,포트폴리오용 합성 거래,0,없음,입력 가능
JV2026081484,2026-08-04,제품 판매,D006,C001,전자세금계산서,TAX-202608-0484,자동차용 씰링부품 외상 판매,1130,11473000,,0,4110,10430000,2180.0,1043000,10430000,1043000,11473000,포트폴리오용 합성 거래,0,없음,입력 가능
JV2026081485,2026-08-09,공장 전기요금,D004,V006,전자세금계산서,TAX-202608-0485,공장 설비 전력 사용료,5150,2350000,1180.0,235000,2120,2585000,,0,2350000,235000,2585000,포트폴리오용 합성 거래,0,없음,입력 가능
JV2026081486,2026-08-04,산업용 소모품 구매,D003,V004,법인카드,TAX-202608-0486,제품 포장재 구매,5130,220000,1180.0,22000,2110,242000,,0,220000,22000,242000,포트폴리오용 합성 거래,0,없음,입력 가능
JV2026081487,2026-08-28,운송비,D007,V005,전자세금계산서,TAX-202608-0487,원재료 입고 운송비,5140,240000,1180.0,24000,2120,264000,,0,240000,24000,264000,포트폴리오용 합성 거래,0,없음,입력 가능
JV2026081488,2026-08-08,원재료 매입,D002,V002,전자세금계산서,TAX-202608-0488,고무 원재료 외상 매입,1210,3290000,1180.0,329000,2110,3619000,,0,3290000,329000,3619000,포트폴리오용 합성 거래,0,없음,입력 가능
JV2026081489,2026-08-12,공장 전기요금,D003,V006,전자세금계산서,,생산2공장 전기요금,5150,4800000,1180.0,480000,2120,5280000,,0,4800000,480000,5280000,포트폴리오용 합성 거래,1,필수값 누락,검토 필요
JV2026081490,2026-08-06,운송비,D007,V005,전자세금계산서,TAX-202608-0490,원재료 입고 운송비,5140,1490000,1180.0,149000,2120,1639000,,0,1490000,149000,1639000,포트폴리오용 합성 거래,0,없음,입력 가능
JV2026081491,2026-08-17,제품 판매,D006,C002,전자세금계산서,TAX-202608-0491,자동차용 씰링부품 외상 판매,1130,7183000,,0,4110,6530000,2180.0,653000,6530000,653000,7183000,포트폴리오용 합성 거래,0,없음,입력 가능
JV2026081492,2026-08-12,산업용 소모품 구매,D007,V004,법인카드,TAX-202608-0492,검사용 소모품 구매,5130,670000,1180.0,67000,2110,737000,,0,670000,67000,737000,포트폴리오용 합성 거래,0,없음,입력 가능
JV2026081493,2026-08-31,제품 판매,D006,C001,전자세금계산서,TAX-202608-0493,자동차용 고무부품 외상 판매,1130,17886000,,0,4110,16260000,2180.0,1626000,16260000,1626000,17886000,포트폴리오용 합성 거래,0,없음,입력 가능
JV2026081494,2026-08-30,원재료 매입,D002,V002,전자세금계산서,TAX-202608-0494,합성고무 원재료 구매,1210,7690000,1180.0,769000,2110,8459000,,0,7690000,769000,8459000,포트폴리오용 합성 거래,0,없음,입력 가능
JV2026081495,2026-08-16,운송비,D007,V005,전자세금계산서,TAX-202608-0495,제품 납품 운송비,5140,220000,1180.0,22000,2120,242000,,0,220000,22000,242000,포트폴리오용 합성 거래,0,없음,입력 가능
JV2026081496,2026-08-28,제품 판매,D006,C001,전자세금계산서,TAX-202608-0496,방진부품 외상 판매,1130,10186000,,0,4110,9260000,2180.0,926000,9260000,926000,10186000,포트폴리오용 합성 거래,0,없음,입력 가능
JV2026081497,2026-08-25,원재료 매입,D002,V001,전자세금계산서,TAX-202608-0497,고무 원재료 외상 매입,1210,3850000,1180.0,385000,2110,4235000,,0,3850000,385000,4235000,포트폴리오용 합성 거래,0,없음,입력 가능
JV2026081498,2026-08-22,운송비,D007,V005,전자세금계산서,TAX-202608-0498,원재료 입고 운송비,5140,510000,1180.0,51000,2120,561000,,0,510000,51000,561000,포트폴리오용 합성 거래,0,없음,입력 가능
JV2026081499,2026-08-20,원재료 매입,D002,V002,전자세금계산서,TAX-202608-0499,합성고무 원재료 구매,1210,6080000,1180.0,608000,2110,6688000,,0,6080000,608000,6688000,포트폴리오용 합성 거래,0,없음,입력 가능
JV2026081500,2026-08-18,원재료 매입,D002,V001,전자세금계산서,TAX-202608-0500,자동차부품용 소재 매입,1210,6770000,1180.0,677000,2110,7447000,,0,6770000,677000,7447000,포트폴리오용 합성 거래,0,없음,입력 가능
